0,1,2,dictabert_score
text,score,model_score,0.36476820707321167
[Q] מה גורם ליום ולילה? [T] סיבוב כדור הארץ סביב עצמו [S] כדור הארץ מסתובב סביב עצמו,1.0,0.9,0.9843713045120239
[Q] מה גורם ליום ולילה? [T] סיבוב כדור הארץ סביב עצמו [S] השמש זזה,0.2,0.0,0.04134140908718109
[Q] מהי מערכת השמש? [T] השמש וכוכבי הלכת שמקיפים אותה [S] השמש וכוכבים,0.6,0.83,0.17139878869056702
[Q] מהי מערכת השמש? [T] השמש וכוכבי הלכת שמקיפים אותה [S] השמש וכוכבי הלכת,1.0,1.0,0.4870196580886841
[Q] מהי פוטוסינתזה? [T] תהליך שבו צמחים משתמשים באור שמש ליצירת אנרגיה [S] צמחים משתמשים באור כדי לגדול,0.8,0.81,0.3850651681423187
[Q] מהי פוטוסינתזה? [T] תהליך שבו צמחים משתמשים באור שמש ליצירת אנרגיה [S] תהליך בצמחים,0.4,0.89,0.14511437714099884
[Q] מי היה דוד בן גוריון? [T] ראש הממשלה הראשון של ישראל [S] ראש הממשלה הראשון של ישראל,1.0,1.0,0.8237895965576172
[Q] מי היה דוד בן גוריון? [T] ראש הממשלה הראשון של ישראל [S] מנהיג ישראל,0.7,0.62,0.6748308539390564
[Q] מהו נהר? [T] זרם מים טבעי [S] מים זורמים בטבע,1.0,0.93,0.5590612888336182
[Q] מהו נהר? [T] זרם מים טבעי [S] גוף מים גדול,0.5,0.29,0.2265545278787613
[Q] מהי אנרגיה? [T] יכולת לבצע עבודה או לגרום לשינוי [S] כוח שמניע דברים,0.8,0.16,0.32577693462371826
[Q] מהי אנרגיה? [T] יכולת לבצע עבודה או לגרום לשינוי [S] משהו שקשור לחשמל,0.6,0.16,0.2945781350135803
[Q] מהי מערכת העיכול? [T] מערכת שמפרקת מזון בגוף [S] מערכת שמפרקת אוכל,0.9,0.92,0.5208731293678284
[Q] מהי מערכת העיכול? [T] מערכת שמפרקת מזון בגוף [S] מערכת בגוף,0.4,0.18,0.191170334815979
[Q] מה גורם ליום ולילה? [T] סיבוב כדור הארץ סביב עצמו יוצר מצב שבו חלק מהכדור פונה לשמש וחלק נמצא בצל. [S] כדור הארץ מסתובב סביב עצמו ולכן יש יום ולילה. הצד שפונה לשמש מואר והצד השני חשוך.,1.0,0.9,0.981498122215271
[Q] מה גורם ליום ולילה? [T] סיבוב כדור הארץ סביב עצמו יוצר מצב שבו חלק מהכדור פונה לשמש וחלק נמצא בצל. [S] השמש זזה בשמיים ויוצרת יום ולילה.,0.2,0.34,0.21364611387252808
[Q] מהי מערכת השמש? [T] מערכת השמש כוללת את השמש וכוכבי הלכת שמקיפים אותה במסלולים קבועים. [S] יש שמש וכוכבים בחלל והם קשורים זה לזה.,0.6,0.53,0.33821454644203186
[Q] מהי מערכת השמש? [T] מערכת השמש כוללת את השמש וכוכבי הלכת שמקיפים אותה במסלולים קבועים. [S] השמש היא מרכז ויש כוכבי לכת שמסתובבים סביבו בצורה מסודרת.,1.0,0.53,0.9457365870475769
"[Q] מהי פוטוסינתזה? [T] פוטוסינתזה היא תהליך שבו צמחים משתמשים באור שמש, מים ופחמן דו-חמצני כדי לייצר מזון ואנרגיה. [S] צמחים משתמשים באור שמש כדי לגדול וליצור מזון.",0.8,0.69,0.9163410067558289
"[Q] מהי פוטוסינתזה? [T] פוטוסינתזה היא תהליך שבו צמחים משתמשים באור שמש, מים ופחמן דו-חמצני כדי לייצר מזון ואנרגיה. [S] צמחים עושים תהליך עם אור.",0.4,0.55,0.18921372294425964
[Q] מהי אנרגיה? [T] אנרגיה היא היכולת לבצע עבודה או לגרום לשינוי במצב של גוף או מערכת. [S] אנרגיה היא כוח שמניע דברים כמו מכונות ותנועות.,0.8,0.7,0.1425451636314392
[Q] מהי אנרגיה? [T] אנרגיה היא היכולת לבצע עבודה או לגרום לשינוי במצב של גוף או מערכת. [S] אנרגיה קשורה לחשמל ולכוח.,0.6,0.65,0.15452826023101807
[Q] מי היה דוד בן גוריון? [T] דוד בן גוריון היה ראש הממשלה הראשון של מדינת ישראל והיה ממנהיגי הקמת המדינה. [S] הוא היה ראש ממשלה ראשון של ישראל והיה מנהיג חשוב בהקמת המדינה.,1.0,0.63,0.9908556342124939
[Q] מי היה דוד בן גוריון? [T] דוד בן גוריון היה ראש הממשלה הראשון של מדינת ישראל והיה ממנהיגי הקמת המדינה. [S] הוא היה אדם חשוב בישראל.,0.4,0.37,0.6722702980041504
[Q] מהו נהר? [T] נהר הוא זרם מים טבעי הזורם ממקום גבוה למקום נמוך. [S] נהר הוא מים זורמים בטבע לאורך מסלול קבוע.,1.0,0.36,0.9811267256736755
[Q] מהו נהר? [T] נהר הוא זרם מים טבעי הזורם ממקום גבוה למקום נמוך. [S] נהר זה הרבה מים בטבע.,0.5,0.36,0.8240121006965637
[Q] מהי מערכת העיכול? [T] מערכת העיכול אחראית על פירוק המזון וספיגת חומרים חיוניים בגוף. [S] מערכת העיכול מפרקת אוכל ומעבדת אותו בגוף.,0.9,0.34,1.0004329681396484
[Q] מהי מערכת העיכול? [T] מערכת העיכול אחראית על פירוק המזון וספיגת חומרים חיוניים בגוף. [S] מערכת בגוף שמטפלת באוכל.,0.4,0.31,0.31275948882102966
"[Q] מה גורם ליום ולילה? [T] סיבוב כדור הארץ סביב עצמו גורם לכך שחלקים שונים של הכדור פונים לשמש בזמנים שונים. [S] כדור הארץ מסתובב סביב עצמו ולכן נוצר יום ולילה. כאשר צד אחד פונה לשמש הוא מואר, והצד השני נמצא בחושך. כך נוצר מחזור קבוע של יום ולילה.",1.0,0.53,0.8936628699302673
[Q] מה גורם ליום ולילה? [T] סיבוב כדור הארץ סביב עצמו גורם לכך שחלקים שונים של הכדור פונים לשמש בזמנים שונים. [S] השמש נעה סביב כדור הארץ ולכן יש יום ולילה.,0.2,0.39,0.1494397521018982
"[Q] מהי מערכת השמש? [T] מערכת השמש כוללת את השמש, שמונה כוכבי לכת, ירחים וגופים נוספים שמקיפים את השמש במסלולים קבועים. [S] יש שמש וכוכבי לכת שמסתובבים סביב השמש בחלל בצורה מסודרת.",1.0,0.52,0.9223312139511108
"[Q] מהי מערכת השמש? [T] מערכת השמש כוללת את השמש, שמונה כוכבי לכת, ירחים וגופים נוספים שמקיפים את השמש במסלולים קבועים. [S] יש שמש וכוכבים בחלל.",0.5,0.48,0.2463478296995163
"[Q] מהי פוטוסינתזה? [T] פוטוסינתזה היא תהליך שבו צמחים משתמשים באור שמש, מים ופחמן דו-חמצני כדי לייצר גלוקוז וחמצן. [S] צמחים משתמשים באור שמש, מים ופחמן דו חמצני כדי ליצור מזון ולגדול. התהליך מתרחש בעלים.",1.0,0.61,0.48296236991882324
"[Q] מהי פוטוסינתזה? [T] פוטוסינתזה היא תהליך שבו צמחים משתמשים באור שמש, מים ופחמן דו-חמצני כדי לייצר גלוקוז וחמצן. [S] צמחים משתמשים באור כדי לגדול.",0.6,0.4,0.38433995842933655
"[Q] מהי אנרגיה? [T] אנרגיה היא היכולת לבצע עבודה, להניע גופים ולגרום לשינויים במערכות פיזיקליות. [S] אנרגיה מאפשרת הפעלה של מכונות, תנועה ופעולות שונות בטבע ובטכנולוגיה.",0.9,0.69,1.0064126253128052
"[Q] מהי אנרגיה? [T] אנרגיה היא היכולת לבצע עבודה, להניע גופים ולגרום לשינויים במערכות פיזיקליות. [S] אנרגיה היא כוח.",0.3,0.49,0.03713177889585495
"[Q] מי היה דוד בן גוריון? [T] דוד בן גוריון היה ראש הממשלה הראשון של מדינת ישראל ומנהיג מרכזי בתהליך הקמת המדינה. [S] הוא היה ראש הממשלה הראשון של ישראל, הוביל את הקמת המדינה והשפיע על עיצוב החברה והמדינה.",1.0,0.64,0.95832359790802
[Q] מי היה דוד בן גוריון? [T] דוד בן גוריון היה ראש הממשלה הראשון של מדינת ישראל ומנהיג מרכזי בתהליך הקמת המדינה. [S] הוא היה מנהיג בישראל.,0.4,0.48,0.6907662749290466
"[Q] מהו נהר? [T] נהר הוא זרם מים טבעי הזורם ממקורות גבוהים לים או לאגמים, ומשפיע על הסביבה והאדם. [S] נהר הוא גוף מים טבעי שזורם לאורך מסלול קבוע ומשמש מקור מים חשוב לטבע ולבני אדם.",1.0,0.94,1.0367954969406128
"[Q] מהו נהר? [T] נהר הוא זרם מים טבעי הזורם ממקורות גבוהים לים או לאגמים, ומשפיע על הסביבה והאדם. [S] נהר זה מים בטבע.",0.4,0.52,0.6877822279930115
"[Q] מהי מערכת העיכול? [T] מערכת העיכול אחראית על פירוק המזון, ספיגת חומרים חיוניים והעברת אנרגיה לגוף. [S] מערכת העיכול מפרקת מזון, סופגת חומרים חשובים ומאפשרת לגוף לקבל אנרגיה לפעילות יומיומית.",1.0,0.6,1.0274969339370728
"[Q] מהי מערכת העיכול? [T] מערכת העיכול אחראית על פירוק המזון, ספיגת חומרים חיוניים והעברת אנרגיה לגוף. [S] מערכת בגוף שמטפלת באוכל.",0.4,0.24,0.3025657832622528
[Q] מהי יבשת? [T] יבשת היא שטח אדמה גדול מאוד על פני כדור הארץ. [S] יבשת היא חלק גדול של אדמה על פני כדור הארץ הכולל מדינות ואזורים שונים.,1.0,0.96,1.0458823442459106
[Q] מהי יבשת? [T] יבשת היא שטח אדמה גדול מאוד על פני כדור הארץ. [S] יבשת היא אזור בעולם.,0.4,0.87,0.12831605970859528
[Q] מהו אוקיינוס? [T] אוקיינוס הוא גוף מים מלוח גדול מאוד המכסה חלקים נרחבים מכדור הארץ. [S] אוקיינוס הוא ים גדול מאוד של מים מלוחים.,1.0,0.31,1.055416464805603
[Q] מהו אוקיינוס? [T] אוקיינוס הוא גוף מים מלוח גדול מאוד המכסה חלקים נרחבים מכדור הארץ. [S] יש הרבה מים בעולם.,0.3,0.28,0.1691129058599472
[Q] מהו סלע? [T] סלע הוא חומר טבעי קשה המורכב ממינרלים שונים. [S] סלע הוא חומר טבעי קשה שנמצא באדמה ובהרים.,1.0,1.0,0.9937086701393127
[Q] מהו סלע? [T] סלע הוא חומר טבעי קשה המורכב ממינרלים שונים. [S] אבן היא משהו קשה.,0.5,0.9,0.24868613481521606
"[Q] מהי מדינה? [T] מדינה היא אזור גאוגרפי עם שלטון, חוקים ואוכלוסייה. [S] מדינה היא שטח עם אנשים ושלטון.",0.9,0.83,0.9868646860122681
"[Q] מהי מדינה? [T] מדינה היא אזור גאוגרפי עם שלטון, חוקים ואוכלוסייה. [S] מדינה היא מקום בעולם.",0.4,0.08,0.07087288796901703
[Q] מהו חשמל? [T] חשמל הוא צורה של אנרגיה הנוצרת מתנועת אלקטרונים. [S] חשמל הוא אנרגיה שמפעילה מכשירים.,0.8,0.64,0.2162020206451416
[Q] מהו חשמל? [T] חשמל הוא צורה של אנרגיה הנוצרת מתנועת אלקטרונים. [S] חשמל זה כוח.,0.3,0.63,0.06426442414522171
"[Q] כיצד שינויי אקלים משפיעים על מערכות אקולוגיות? [T] שינויי אקלים גורמים לעלייה בטמפרטורות, שינוי דפוסי גשם והפשרת קרחונים. [S] שינויי אקלים גורמים להתחממות, שינוי במזג האוויר ופגיעה בבתי גידול של בעלי חיים וצמחים.",0.9,0.89,1.0453397035598755
"[Q] כיצד שינויי אקלים משפיעים על מערכות אקולוגיות? [T] שינויי אקלים גורמים לעלייה בטמפרטורות, שינוי דפוסי גשם והפשרת קרחונים. [S] מזג האוויר משתנה בעולם.",0.4,0.63,0.0717666819691658
[Q] כיצד נוצרות הרים? [T] הרים נוצרים כתוצאה מהתנגשות בין לוחות טקטוניים או פעילות געשית לאורך זמן רב. [S] הרים נוצרים כאשר לוחות בכדור הארץ מתנגשים וגורמים לאדמה לעלות.,0.9,0.91,0.9565617442131042
[Q] כיצד נוצרות הרים? [T] הרים נוצרים כתוצאה מהתנגשות בין לוחות טקטוניים או פעילות געשית לאורך זמן רב. [S] הרים הם אדמה גבוהה.,0.5,0.36,0.17629769444465637
"[Q] מהי חשיבות המים למערכות חיים? [T] מים חיוניים לכל היצורים החיים, הם משמשים לתהליכים ביולוגיים, הובלת חומרים ושמירה על טמפרטורה. [S] מים חשובים כי כל היצורים החיים צריכים אותם כדי לשרוד ולתפקד.",1.0,0.29,0.9760385751724243
"[Q] מהי חשיבות המים למערכות חיים? [T] מים חיוניים לכל היצורים החיים, הם משמשים לתהליכים ביולוגיים, הובלת חומרים ושמירה על טמפרטורה. [S] מים זה דבר חשוב מאוד.",0.3,0.29,0.3036368191242218
"[Q] כיצד פועל מחזור המים בטבע? [T] מים מתאדים מהים והאגמים, מתעבים לעננים ויורדים כגשם חזרה לקרקע. [S] מים מתאדים, הופכים לעננים ואז יורדים כגשם וחוזרים לנהרות ולימים.",1.0,0.99,0.9150874614715576
"[Q] כיצד פועל מחזור המים בטבע? [T] מים מתאדים מהים והאגמים, מתעבים לעננים ויורדים כגשם חזרה לקרקע. [S] יש גשם בעולם.",0.2,0.0,0.06407391279935837
"[Q] מה תפקיד הצמחים במערכת האקולוגית? [T] צמחים מייצרים חמצן, מהווים בסיס לשרשרת המזון ומשפיעים על האקלים. [S] צמחים מייצרים חמצן ומשמשים מזון לבעלי חיים.",0.9,0.73,1.0029926300048828
"[Q] מה תפקיד הצמחים במערכת האקולוגית? [T] צמחים מייצרים חמצן, מהווים בסיס לשרשרת המזון ומשפיעים על האקלים. [S] צמחים חשובים לטבע.",0.4,0.23,0.15227539837360382
[Q] כיצד פועל מחזור הדם בגוף האדם? [T] הלב מזרים דם דרך כלי הדם לכל חלקי הגוף ומחזיר דם מחומצן ורווי חמצן. [S] הלב שואב דם ומעביר אותו לכל הגוף דרך כלי דם כדי לספק חמצן וחומרים חיוניים.,0.9,0.67,0.9192767143249512
[Q] כיצד פועל מחזור הדם בגוף האדם? [T] הלב מזרים דם דרך כלי הדם לכל חלקי הגוף ומחזיר דם מחומצן ורווי חמצן. [S] הלב מזרים דם בגוף.,0.4,0.98,0.45885562896728516
[Q] מהו תפקיד הריאות? [T] הריאות אחראיות על חילוף גזים: קליטת חמצן והוצאת פחמן דו-חמצני. [S] הריאות מכניסות חמצן לגוף ומוציאות פחמן דו חמצני.,1.0,0.31,0.9905438423156738
[Q] מהו תפקיד הריאות? [T] הריאות אחראיות על חילוף גזים: קליטת חמצן והוצאת פחמן דו-חמצני. [S] הריאות קשורות לנשימה.,0.6,0.68,0.15870457887649536
"[Q] מהו תפקיד המוח? [T] המוח שולט בכל פעולות הגוף, מחשבות, תנועה ותחושות. [S] המוח אחראי על שליטה בגוף ומעבד מידע.",0.9,0.9,0.8266269564628601
"[Q] מהו תפקיד המוח? [T] המוח שולט בכל פעולות הגוף, מחשבות, תנועה ותחושות. [S] המוח נמצא בראש.",0.3,0.44,0.02722829207777977
[Q] כיצד נוצרים עננים? [T] עננים נוצרים כאשר אדי מים מתעבים באוויר הקר ויוצרים טיפות קטנות. [S] עננים נוצרים מאדי מים שמתקררים והופכים לטיפות.,1.0,0.88,1.0348811149597168
[Q] כיצד נוצרים עננים? [T] עננים נוצרים כאשר אדי מים מתעבים באוויר הקר ויוצרים טיפות קטנות. [S] יש עננים בשמיים.,0.2,0.28,0.07634685933589935
"[Q] מהי חשיבות השמש לחיים על פני כדור הארץ? [T] השמש מספקת אור וחום החיוניים לקיום חיים ולתהליכים כמו פוטוסינתזה. [S] השמש מספקת אור, חום ואנרגיה שמאפשרים חיים על פני כדור הארץ.",1.0,0.89,1.037108302116394
[Q] מהי חשיבות השמש לחיים על פני כדור הארץ? [T] השמש מספקת אור וחום החיוניים לקיום חיים ולתהליכים כמו פוטוסינתזה. [S] השמש חמה.,0.3,0.81,0.03444819152355194
[Q] מהו אקלים? [T] אקלים הוא דפוס מזג האוויר באזור מסוים לאורך זמן ארוך. [S] אקלים הוא מזג האוויר הקבוע באזור לאורך שנים רבות.,0.9,0.65,0.9889580607414246
[Q] מהו אקלים? [T] אקלים הוא דפוס מזג האוויר באזור מסוים לאורך זמן ארוך. [S] אקלים זה מזג אוויר.,0.5,0.45,0.08025123924016953
"[Q] כיצד נוצרת אדמה פורייה? [T] אדמה פורייה נוצרת מפירוק חומר אורגני, פעילות מיקרואורגניזמים ושחיקה של סלעים לאורך זמן. [S] אדמה פורייה נוצרת מפירוק חומרים אורגניים, מינרלים ושחיקת סלעים שמעשירים את הקרקע.",1.0,0.86,1.0327374935150146
"[Q] כיצד נוצרת אדמה פורייה? [T] אדמה פורייה נוצרת מפירוק חומר אורגני, פעילות מיקרואורגניזמים ושחיקה של סלעים לאורך זמן. [S] אדמה נוצרת בטבע.",0.3,0.56,0.08287791907787323
[Q] מהי יבשת אמריקה? [T] יבשת אמריקה היא אחת משבע היבשות וכוללת את צפון ודרום אמריקה. [S] אמריקה היא יבשת גדולה הכוללת מדינות רבות בצפון ובדרום.,0.9,0.94,0.9282232522964478
[Q] מהי יבשת אמריקה? [T] יבשת אמריקה היא אחת משבע היבשות וכוללת את צפון ודרום אמריקה. [S] אמריקה היא מקום בעולם.,0.4,0.39,0.027570299804210663
"[Q] כיצד משפיעה הגאות והשפל על הסביבה? [T] גאות ושפל משפיעים על מפלס המים, על בתי גידול חופיים ועל פעילות האדם לאורך החוף. [S] גאות ושפל משנים את גובה המים ומשפיעים על החיים ליד הים.",1.0,0.56,1.0148837566375732
"[Q] כיצד משפיעה הגאות והשפל על הסביבה? [T] גאות ושפל משפיעים על מפלס המים, על בתי גידול חופיים ועל פעילות האדם לאורך החוף. [S] יש שינוי במים בים.",0.3,0.0,0.36903953552246094
"[Q] מהו כוח הכבידה? [T] כוח הכבידה הוא כוח שמושך גופים זה אל זה, ובמיוחד גורם לדברים ליפול לכיוון כדור הארץ. [S] כוח הכבידה מושך דברים כלפי מטה ומחזיק אותנו על הקרקע.",0.9,0.56,0.9785085916519165
"[Q] מהו כוח הכבידה? [T] כוח הכבידה הוא כוח שמושך גופים זה אל זה, ובמיוחד גורם לדברים ליפול לכיוון כדור הארץ. [S] דברים נופלים למטה.",0.5,0.0,0.14309591054916382
"[Q] כיצד נוצרת שפה? [T] שפה מתפתחת לאורך זמן בתוך קהילה אנושית באמצעות תקשורת, תרבות והיסטוריה משותפת. [S] שפה נוצרת כאשר אנשים מתחילים לתקשר ולפתח סימנים ומילים משותפות.",1.0,0.6,1.0320279598236084
"[Q] כיצד נוצרת שפה? [T] שפה מתפתחת לאורך זמן בתוך קהילה אנושית באמצעות תקשורת, תרבות והיסטוריה משותפת. [S] אנשים מדברים אחד עם השני.",0.4,0.38,0.5244857668876648
[Q] מהו חוק שימור האנרגיה? [T] חוק שימור האנרגיה קובע שאנרגיה אינה נוצרת ואינה נהרסת אלא רק משנה צורה. [S] אנרגיה לא נעלמת אלא רק עוברת מצורה אחת לאחרת כמו חום או תנועה.,1.0,0.0,0.6667891144752502
[Q] מהו חוק שימור האנרגיה? [T] חוק שימור האנרגיה קובע שאנרגיה אינה נוצרת ואינה נהרסת אלא רק משנה צורה. [S] אנרגיה יכולה להיווצר ולהיעלם.,0.2,0.38,0.10905681550502777
"[Q] כיצד פועל מעגל חשמלי בסיסי? [T] מעגל חשמלי פועל כאשר יש מקור מתח, מוליכים ונתיב סגור לזרימת זרם. [S] זרם חשמלי זורם כאשר המעגל סגור ויש מקור מתח שמניע את האלקטרונים.",1.0,0.74,0.8970881104469299
"[Q] כיצד פועל מעגל חשמלי בסיסי? [T] מעגל חשמלי פועל כאשר יש מקור מתח, מוליכים ונתיב סגור לזרימת זרם. [S] חשמל עובר בחוטים.",0.4,0.27,0.1569376140832901
"[Q] מהי הסתברות בסיסית? [T] הסתברות היא מדד לסיכוי שאירוע מסוים יתרחש, בין 0 ל-1. [S] הסתברות מתארת את הסיכוי שמשהו יקרה מתוך כלל האפשרויות.",1.0,0.42,0.7692655324935913
"[Q] מהי הסתברות בסיסית? [T] הסתברות היא מדד לסיכוי שאירוע מסוים יתרחש, בין 0 ל-1. [S] זה מספרים במתמטיקה.",0.3,0.0,0.07061721384525299
[Q] מהי נגזרת במתמטיקה? [T] נגזרת מתארת את קצב השינוי של פונקציה בנקודה מסוימת. [S] נגזרת מודדת איך פונקציה משתנה בנקודה מסוימת.,1.0,0.64,0.9844982028007507
[Q] מהי נגזרת במתמטיקה? [T] נגזרת מתארת את קצב השינוי של פונקציה בנקודה מסוימת. [S] זה חישוב במתמטיקה.,0.4,0.0,0.09762320667505264
"[Q] מהו מחקר מדעי? [T] מחקר מדעי הוא תהליך שיטתי של איסוף נתונים, ניסוח השערות ובדיקתן באמצעות ניסויים. [S] מחקר מדעי כולל ניסויים, בדיקת השערות והסקת מסקנות.",1.0,0.49,1.0016542673110962
"[Q] מהו מחקר מדעי? [T] מחקר מדעי הוא תהליך שיטתי של איסוף נתונים, ניסוח השערות ובדיקתן באמצעות ניסויים. [S] חוקרים עושים מחקר.",0.3,0.32,0.06128009408712387
[Q] כיצד עובד אלגוריתם מיון מהיר (QuickSort)? [T] QuickSort מחלק את המערך סביב איבר ציר וממיין רקורסיבית את החלקים הקטנים והגדולים ממנו. [S] האלגוריתם בוחר איבר ציר וממיין את הרשימה לשני חלקים עד שהכול מסודר.,1.0,0.59,0.5486331582069397
[Q] כיצד עובד אלגוריתם מיון מהיר (QuickSort)? [T] QuickSort מחלק את המערך סביב איבר ציר וממיין רקורסיבית את החלקים הקטנים והגדולים ממנו. [S] ממיינים רשימה בסדר כלשהו.,0.3,0.0,0.25268709659576416
[Q] מהי מטריצה במתמטיקה? [T] מטריצה היא מבנה דו-ממדי של מספרים המסודרים בשורות ועמודות. [S] מטריצה היא טבלה של מספרים עם שורות ועמודות.,1.0,0.36,0.9770349264144897
[Q] מהי מטריצה במתמטיקה? [T] מטריצה היא מבנה דו-ממדי של מספרים המסודרים בשורות ועמודות. [S] זה טבלה.,0.4,0.0,0.0488121397793293
[Q] מהו חור שחור? [T] חור שחור הוא אזור בחלל עם כוח כבידה חזק מאוד שמונע אפילו מאור לברוח. [S] חור שחור הוא אזור בחלל עם כוח כבידה חזק מאוד שאפילו אור לא יכול לצאת ממנו.,1.0,0.73,1.0050181150436401
[Q] מהו חור שחור? [T] חור שחור הוא אזור בחלל עם כוח כבידה חזק מאוד שמונע אפילו מאור לברוח. [S] זה משהו בחלל.,0.3,0.51,0.17322850227355957
[Q] מהי מערכת הפעלה? [T] מערכת הפעלה היא תוכנה שמנהלת את משאבי המחשב ומאפשרת להריץ תוכנות אחרות. [S] מערכת הפעלה מנהלת את המחשב ומפעילה תוכנות.,1.0,0.67,1.010871171951294
[Q] מהי מערכת הפעלה? [T] מערכת הפעלה היא תוכנה שמנהלת את משאבי המחשב ומאפשרת להריץ תוכנות אחרות. [S] זה תוכנה במחשב.,0.4,0.39,0.10522209107875824
[Q] מהו אלגוריתם גרידיאנט דסנט? [T] Gradient Descent הוא שיטה למציאת מינימום של פונקציה על ידי צעדים קטנים בכיוון הירידה. [S] זה אלגוריתם שמקטין פונקציה בהדרגה כדי למצוא מינימום.,1.0,0.36,0.8324742913246155
[Q] מהו אלגוריתם גרידיאנט דסנט? [T] Gradient Descent הוא שיטה למציאת מינימום של פונקציה על ידי צעדים קטנים בכיוון הירידה. [S] זה חישוב במתמטיקה.,0.3,0.0,0.11487507075071335
[Q] כיצד דגים נושמים מתחת למים? [T] דגים נושמים באמצעות זימים שמאפשרים להם להפיק חמצן מהמים. [S] דגים משתמשים בזימים כדי להוציא חמצן מהמים ולנשום מתחת למים.,1.0,0.98,1.0390899181365967
[Q] כיצד דגים נושמים מתחת למים? [T] דגים נושמים באמצעות זימים שמאפשרים להם להפיק חמצן מהמים. [S] דגים חיים במים.,0.3,0.63,0.09741085022687912
[Q] מהי נדידה של בעלי חיים? [T] נדידה היא תנועה עונתית של בעלי חיים ממקום למקום לצורך מזון או רבייה. [S] בעלי חיים נודדים ממקום למקום לפי עונות השנה כדי למצוא מזון ולשרוד.,1.0,0.26,1.0656167268753052
[Q] מהי נדידה של בעלי חיים? [T] נדידה היא תנועה עונתית של בעלי חיים ממקום למקום לצורך מזון או רבייה. [S] חיות זזות.,0.2,0.07,0.11649239808320999
[Q] כיצד פועלת שרשרת מזון? [T] שרשרת מזון מתארת מעבר אנרגיה ממפיקים לצרכנים בטבע. [S] שרשרת מזון מתארת איך חיות וצמחים מעבירים אנרגיה אחד לשני בטבע.,1.0,0.8,0.925420880317688
[Q] כיצד פועלת שרשרת מזון? [T] שרשרת מזון מתארת מעבר אנרגיה ממפיקים לצרכנים בטבע. [S] חיות אוכלות אחת את השנייה.,0.5,0.24,0.11763165146112442
"[Q] מהו טורף ומהו נטרף? [T] טורף הוא בעל חיים הצורך בעלי חיים אחרים, ונטרף הוא בעל החיים הנאכל. [S] טורף הוא חיה שאוכלת חיות אחרות, ונטרף הוא מי שנאכל.",1.0,0.83,1.0053969621658325
"[Q] מהו טורף ומהו נטרף? [T] טורף הוא בעל חיים הצורך בעלי חיים אחרים, ונטרף הוא בעל החיים הנאכל. [S] חיות אוכלות אחת את השנייה בטבע.",0.6,0.4,0.3144458830356598
[Q] כיצד בעלי חיים מסתגלים לסביבה? [T] בעלי חיים מפתחים התאמות פיזיות והתנהגותיות כדי לשרוד בתנאי הסביבה שלהם. [S] בעלי חיים משנים התנהגות ומבנה גוף כדי לשרוד בתנאים שונים.,1.0,0.58,1.0217931270599365
[Q] כיצד בעלי חיים מסתגלים לסביבה? [T] בעלי חיים מפתחים התאמות פיזיות והתנהגותיות כדי לשרוד בתנאי הסביבה שלהם. [S] חיות מתרגלות לסביבה.,0.4,0.33,0.4162582457065582
[Q] מהי רבייה בבעלי חיים? [T] רבייה היא תהליך שבו בעלי חיים מייצרים צאצאים להמשך המין. [S] בעלי חיים מביאים צאצאים כדי להמשיך את המין שלהם.,1.0,0.58,1.0618600845336914
[Q] מהי רבייה בבעלי חיים? [T] רבייה היא תהליך שבו בעלי חיים מייצרים צאצאים להמשך המין. [S] חיות מולידות גורים.,0.7,0.2,0.2363898903131485
"[Q] כיצד פועל מערכת האקולוגית ביער? [T] מערכת אקולוגית ביער כוללת צמחים, בעלי חיים, פטריות ומיקרואורגניזמים המקיימים יחסי גומלין. [S] ביער יש צמחים ובעלי חיים שמקיימים קשרים ביניהם ומאזנים את הסביבה.",1.0,0.71,0.7705662846565247
"[Q] כיצד פועל מערכת האקולוגית ביער? [T] מערכת אקולוגית ביער כוללת צמחים, בעלי חיים, פטריות ומיקרואורגניזמים המקיימים יחסי גומלין. [S] יש חיות ביער.",0.2,0.24,0.2362504005432129
[Q] מהו תפקיד הפטריות בטבע? [T] פטריות מפרקות חומר אורגני וממחזרות חומרים חזרה למערכת האקולוגית. [S] פטריות מפרקות חומרים מתים ומחזירות חומרים לקרקע.,1.0,0.65,1.045302152633667
[Q] מהו תפקיד הפטריות בטבע? [T] פטריות מפרקות חומר אורגני וממחזרות חומרים חזרה למערכת האקולוגית. [S] פטריות גדלות באדמה.,0.3,0.22,0.03673078119754791
"[Q] כיצד מתבצע תהליך האבקה בצמחים? [T] האבקה היא מעבר אבקה מפרח לפרח באמצעות חרקים, רוח או מים. [S] אבקה עוברת מפרח לפרח בעזרת חרקים או רוח וכך נוצרים זרעים.",1.0,0.46,1.0421862602233887
"[Q] כיצד מתבצע תהליך האבקה בצמחים? [T] האבקה היא מעבר אבקה מפרח לפרח באמצעות חרקים, רוח או מים. [S] פרחים מתרבים.",0.4,0.13,0.05948234722018242
[Q] מהו תפקיד הטורפים במערכת הטבעית? [T] טורפים מווסתים אוכלוסיות של בעלי חיים אחרים ושומרים על איזון אקולוגי. [S] טורפים שומרים על איזון בטבע על ידי שליטה במספר בעלי החיים.,1.0,0.66,1.0286400318145752
[Q] מהו תפקיד הטורפים במערכת הטבעית? [T] טורפים מווסתים אוכלוסיות של בעלי חיים אחרים ושומרים על איזון אקולוגי. [S] חיות אוכלות חיות אחרות.,0.5,0.1,0.44948792457580566
[Q] כיצד דבורים תורמות לסביבה? [T] דבורים מאביקות צמחים ומאפשרות ייצור פירות וזרעים. [S] דבורים עוזרות לצמחים להתרבות על ידי האבקה.,1.0,0.41,0.9723143577575684
[Q] כיצד דבורים תורמות לסביבה? [T] דבורים מאביקות צמחים ומאפשרות ייצור פירות וזרעים. [S] דבורים עוקצות.,0.1,0.37,0.11600415408611298
[Q] כיצד פועל שרשרת מזון ימית? [T] שרשרת מזון ימית מתארת מעבר אנרגיה מאצות לאורגניזמים קטנים ועד לטורפים גדולים. [S] בים יש אצות שאותן אוכלים יצורים קטנים ואז דגים גדולים יותר אוכלים אותם.,1.0,0.23,0.6950647234916687
[Q] כיצד פועל שרשרת מזון ימית? [T] שרשרת מזון ימית מתארת מעבר אנרגיה מאצות לאורגניזמים קטנים ועד לטורפים גדולים. [S] יש דגים בים.,0.2,0.0,0.0760202631354332
[Q] מהו תפקיד האלמוגים בשונית? [T] אלמוגים בונים שוניות המשמשות בית גידול למגוון רחב של בעלי חיים ימיים. [S] אלמוגים יוצרים שוניות שמספקות בית להרבה חיות בים.,1.0,0.76,1.0230475664138794
[Q] מהו תפקיד האלמוגים בשונית? [T] אלמוגים בונים שוניות המשמשות בית גידול למגוון רחב של בעלי חיים ימיים. [S] אלמוגים הם חיות בים.,0.4,0.33,0.19148388504981995
[Q] כיצד כרישים תורמים לאיזון ימי? [T] כרישים משמשים טורפים עליונים ושומרים על איזון אוכלוסיות בים. [S] כרישים שומרים על איזון האוכלוסייה בים על ידי טריפה של חיות אחרות.,1.0,0.42,1.0491193532943726
[Q] כיצד כרישים תורמים לאיזון ימי? [T] כרישים משמשים טורפים עליונים ושומרים על איזון אוכלוסיות בים. [S] כרישים הם דגים גדולים.,0.3,0.34,0.24987947940826416
"[Q] מהו מחזור החיים של צפרדע? [T] צפרדע עוברת שלבים מביצה לראשן ולבסוף לצפרדע בוגרת. [S] צפרדע מתחילה כביצה, הופכת לראשן ואז לצפרדע בוגרת.",1.0,0.37,1.0637388229370117
[Q] מהו מחזור החיים של צפרדע? [T] צפרדע עוברת שלבים מביצה לראשן ולבסוף לצפרדע בוגרת. [S] צפרדע חיה במים.,0.2,0.37,0.045048974454402924
[Q] כיצד עטלפים משתמשים באקולוקציה? [T] עטלפים פולטים גלי קול ומזהים החזר שלהם כדי להתמצא ולצוד בחושך. [S] עטלפים משתמשים בגלי קול כדי לנווט ולמצוא מזון בחושך.,1.0,0.39,1.0343713760375977
[Q] כיצד עטלפים משתמשים באקולוקציה? [T] עטלפים פולטים גלי קול ומזהים החזר שלהם כדי להתמצא ולצוד בחושך. [S] עטלפים עפים בלילה.,0.3,0.22,0.0785382091999054
"[Q] כיצד נוצר מזג אוויר? [T] מזג האוויר נוצר משילוב של טמפרטורה, לחות, לחץ אוויר ותנועת רוחות באטמוספירה. [S] מזג האוויר נקבע לפי טמפרטורה, לחות ורוחות שמשתנות כל הזמן.",1.0,0.44,1.0009331703186035
"[Q] כיצד נוצר מזג אוויר? [T] מזג האוויר נוצר משילוב של טמפרטורה, לחות, לחץ אוויר ותנועת רוחות באטמוספירה. [S] לפעמים חם ולפעמים קר.",0.2,0.29,0.6084995865821838
[Q] מהו לחץ אוויר? [T] לחץ אוויר הוא הכוח שמפעיל האוויר על פני השטח כתוצאה ממשקלו. [S] לחץ אוויר הוא הכוח שהאוויר מפעיל על הקרקע ועל גופים שונים.,1.0,0.89,0.9968809485435486
[Q] מהו לחץ אוויר? [T] לחץ אוויר הוא הכוח שמפעיל האוויר על פני השטח כתוצאה ממשקלו. [S] אוויר יש מסביבנו.,0.3,0.41,0.05099083110690117
[Q] כיצד נוצרים ברקים? [T] ברקים נוצרים כתוצאה מפריקה חשמלית בין עננים או בין ענן לקרקע. [S] ברקים נוצרים מפריקה חשמלית בין עננים או בין ענן לקרקע בזמן סערה.,1.0,1.0,1.0219378471374512
[Q] כיצד נוצרים ברקים? [T] ברקים נוצרים כתוצאה מפריקה חשמלית בין עננים או בין ענן לקרקע. [S] יש ברק בשמיים.,0.2,0.41,0.09845956414937973
[Q] מהו רעש אקולוגי (זיהום רעש)? [T] זיהום רעש הוא רעשים חזקים ומתמשכים שמפריעים לבעלי חיים ולאדם. [S] רעש חזק שמפריע לסביבה ולבעלי חיים נקרא זיהום רעש.,1.0,0.99,1.0211207866668701
[Q] מהו רעש אקולוגי (זיהום רעש)? [T] זיהום רעש הוא רעשים חזקים ומתמשכים שמפריעים לבעלי חיים ולאדם. [S] יש רעש בעיר.,0.3,0.66,0.022960448637604713
"[Q] מהי אנרגיה מתחדשת? [T] אנרגיה מתחדשת היא אנרגיה ממקורות טבעיים המתחדשים כמו שמש, רוח ומים. [S] אנרגיה שמגיעה מהשמש, הרוח והמים ולא נגמרת.",1.0,0.72,0.9080607295036316
"[Q] מהי אנרגיה מתחדשת? [T] אנרגיה מתחדשת היא אנרגיה ממקורות טבעיים המתחדשים כמו שמש, רוח ומים. [S] אנרגיה היא חשמל.",0.2,0.68,0.053557559847831726
"[Q] כיצד פועל מחזור הפחמן בטבע? [T] מחזור הפחמן מתאר את מעבר הפחמן בין האטמוספירה, היצורים החיים, הקרקע והאוקיינוסים. [S] פחמן עובר בין האוויר, הצמחים, בעלי החיים והאדמה בתהליך מחזורי.",1.0,0.68,0.7678577303886414
"[Q] כיצד פועל מחזור הפחמן בטבע? [T] מחזור הפחמן מתאר את מעבר הפחמן בין האטמוספירה, היצורים החיים, הקרקע והאוקיינוסים. [S] יש פחמן בטבע.",0.2,0.37,0.06299477815628052
[Q] מהו תהליך הפירוק בטבע? [T] פירוק הוא תהליך שבו חומרים אורגניים מתפרקים על ידי חיידקים ופטריות. [S] חיידקים ופטריות מפרקים חומרים מתים ומחזירים אותם לקרקע.,1.0,0.1,0.9748637676239014
[Q] מהו תהליך הפירוק בטבע? [T] פירוק הוא תהליך שבו חומרים אורגניים מתפרקים על ידי חיידקים ופטריות. [S] דברים נרקבים.,0.3,0.0,0.12122851610183716
[Q] כיצד פועלת מערכת הדם של דגים? [T] לדגים יש לב שמזרים דם דרך זימים ושאר הגוף לצורך חמצון. [S] לדגים יש לב שמזרים דם דרך הזימים כדי לקבל חמצן מהמים.,1.0,0.86,0.9003699421882629
[Q] כיצד פועלת מערכת הדם של דגים? [T] לדגים יש לב שמזרים דם דרך זימים ושאר הגוף לצורך חמצון. [S] דגים חיים במים.,0.2,0.16,0.05784406512975693
"[Q] מהו מבנה תא חי בסיסי? [T] תא חי כולל גרעין, ציטופלזמה וממברנה תאית המבצעים יחד תהליכי חיים. [S] תא מורכב מגרעין וממברנה שמקיימים את פעולות החיים.",1.0,0.53,1.0083401203155518
"[Q] מהו מבנה תא חי בסיסי? [T] תא חי כולל גרעין, ציטופלזמה וממברנה תאית המבצעים יחד תהליכי חיים. [S] תא הוא קטן מאוד.",0.3,0.33,0.04271100088953972
[Q] מהי תופעת ליקוי חמה? [T] ליקוי חמה מתרחש כאשר הירח מסתיר את השמש באופן חלקי או מלא מכדור הארץ. [S] ליקוי חמה קורה כאשר הירח נמצא בין השמש לכדור הארץ וחוסם את האור.,1.0,0.82,1.029999017715454
[Q] מהי תופעת ליקוי חמה? [T] ליקוי חמה מתרחש כאשר הירח מסתיר את השמש באופן חלקי או מלא מכדור הארץ. [S] השמש נעלמת בשמיים.,0.2,0.28,0.1140858605504036
"[Q] כיצד פועל תהליך הפוטוסינתזה בצמחים ומה תפקיד הכלורופיל? [T] פוטוסינתזה היא תהליך שבו צמחים משתמשים באור שמש, מים ופחמן דו-חמצני ליצירת גלוקוז וחמצן, כאשר הכלורופיל קולט את אנרגיית האור. [S] צמחים משתמשים בכלורופיל כדי לקלוט אור שמש, ומבצעים פוטוסינתזה שבה הם מייצרים מזון וחמצן מפחמן דו-חמצני ומים.",1.0,0.74,0.7631139755249023
"[Q] כיצד פועל תהליך הפוטוסינתזה בצמחים ומה תפקיד הכלורופיל? [T] פוטוסינתזה היא תהליך שבו צמחים משתמשים באור שמש, מים ופחמן דו-חמצני ליצירת גלוקוז וחמצן, כאשר הכלורופיל קולט את אנרגיית האור. [S] צמחים צריכים מים כדי לשרוד.",0.2,0.2,0.23394250869750977
"[Q] כיצד משפיע שינוי אקלים עולמי על מערכות אקולוגיות ימיות? [T] שינוי אקלים גורם להתחממות האוקיינוסים, החמצת מים ופגיעה בשוניות אלמוגים ובמגוון הביולוגי. [S] התחממות כדור הארץ פוגעת בים, גורמת לשינוי בטמפרטורת המים ולפגיעה ביצורים ימיים.",1.0,0.81,1.047326922416687
"[Q] כיצד משפיע שינוי אקלים עולמי על מערכות אקולוגיות ימיות? [T] שינוי אקלים גורם להתחממות האוקיינוסים, החמצת מים ופגיעה בשוניות אלמוגים ובמגוון הביולוגי. [S] יש חום בעולם.",0.2,0.0,0.3081071674823761
[Q] כיצד פועל כוח הכבידה על כוכבי לכת במערכת השמש? [T] כוח הכבידה גורם לכך שכוכבי הלכת נעים במסלולים אליפטיים סביב השמש בגלל משיכתה. [S] כוח הכבידה של השמש שומר על כוכבי הלכת במסלולים קבועים סביבה.,1.0,0.87,0.9452770352363586
[Q] כיצד פועל כוח הכבידה על כוכבי לכת במערכת השמש? [T] כוח הכבידה גורם לכך שכוכבי הלכת נעים במסלולים אליפטיים סביב השמש בגלל משיכתה. [S] כוכבי לכת מסתובבים סביב השמש.,0.6,0.47,0.3245464265346527
"[Q] כיצד נוצרים הרי געש ומה קורה בהתפרצות? [T] הרי געש נוצרים כאשר מאגמה פורצת דרך קרום כדור הארץ, ובמהלך התפרצות נפלטים לבה, גזים ואפר. [S] הרי געש נוצרים כאשר מאגמה עולה לפני השטח וגורמת להתפרצות לבה ואפר.",1.0,0.77,1.031073808670044
"[Q] כיצד נוצרים הרי געש ומה קורה בהתפרצות? [T] הרי געש נוצרים כאשר מאגמה פורצת דרך קרום כדור הארץ, ובמהלך התפרצות נפלטים לבה, גזים ואפר. [S] יש הרים שמתפרצים.",0.3,0.19,0.5257143974304199
[Q] כיצד פועל זיכרון RAM במחשב ומה תפקידו? [T] זיכרון RAM הוא זיכרון זמני המאחסן נתונים ותהליכים פעילים כדי לאפשר גישה מהירה למעבד. [S] RAM הוא זיכרון זמני שמאפשר למחשב לעבוד מהר על תוכנות ונתונים פעילים.,1.0,0.57,0.4645511507987976
[Q] כיצד פועל זיכרון RAM במחשב ומה תפקידו? [T] זיכרון RAM הוא זיכרון זמני המאחסן נתונים ותהליכים פעילים כדי לאפשר גישה מהירה למעבד. [S] זה זיכרון במחשב.,0.2,0.23,0.11075318604707718
"[Q] כיצד פועל אלגוריתם דחיסה מסוג Lossless ומה היתרון שלו? [T] דחיסה Lossless מקטינה גודל קבצים בלי לאבד מידע, באמצעות זיהוי חזרות וקידוד יעיל. [S] דחיסה ללא איבוד מידע מצמצמת קבצים על ידי קידוד יעיל של נתונים חוזרים כך שניתן לשחזר אותם במדויק.",1.0,0.4,0.7626925706863403
"[Q] כיצד פועל אלגוריתם דחיסה מסוג Lossless ומה היתרון שלו? [T] דחיסה Lossless מקטינה גודל קבצים בלי לאבד מידע, באמצעות זיהוי חזרות וקידוד יעיל. [S] מקטינים קבצים כדי לחסוך מקום.",0.3,0.41,0.38758400082588196
"[Q] כיצד פועל מנוע חיפוש באינטרנט ברמה עקרונית? [T] מנוע חיפוש סורק את האינטרנט, מאנדקס דפים ומחזיר תוצאות לפי רלוונטיות לשאילתה. [S] מנוע חיפוש סורק דפים באינטרנט, מאחסן אותם באינדקס ומדרג תוצאות לפי התאמה לשאילתת המשתמש.",1.0,0.88,0.774544894695282
"[Q] כיצד פועל מנוע חיפוש באינטרנט ברמה עקרונית? [T] מנוע חיפוש סורק את האינטרנט, מאנדקס דפים ומחזיר תוצאות לפי רלוונטיות לשאילתה. [S] מחפשים בגוגל ומקבלים תוצאות.",0.4,0.37,0.22017961740493774
[Q] כיצד פועל פרוטוקול DNS ומה תפקידו? [T] DNS מתרגם שמות דומיין לכתובות IP כדי לאפשר גישה לאתרים. [S] DNS ממיר שמות אתרים לכתובות IP כך שהמחשב יודע לאן להתחבר.,1.0,0.3,0.3686674237251282
[Q] כיצד פועל פרוטוקול DNS ומה תפקידו? [T] DNS מתרגם שמות דומיין לכתובות IP כדי לאפשר גישה לאתרים. [S] DNS זה משהו באינטרנט.,0.2,0.25,0.15113720297813416
[Q] כיצד פועל תהליך האבולוציה לפי ברירה טבעית? [T] ברירה טבעית גורמת להישרדות של פרטים בעלי תכונות מתאימות לסביבה והעברתן לדורות הבאים. [S] יצורים עם תכונות שמתאימות לסביבה שורדים ומעבירים אותן לצאצאים לאורך זמן.,1.0,0.39,0.8284307718276978
[Q] כיצד פועל תהליך האבולוציה לפי ברירה טבעית? [T] ברירה טבעית גורמת להישרדות של פרטים בעלי תכונות מתאימות לסביבה והעברתן לדורות הבאים. [S] חיות משתנות עם הזמן.,0.4,0.16,0.19230523705482483
[Q] כיצד פועל חיסון בגוף האדם? [T] חיסון מלמד את מערכת החיסון לזהות פתוגנים וליצור תגובה מהירה בעת חשיפה עתידית. [S] חיסון עוזר למערכת החיסון לזהות מחלות ולהגן על הגוף בעתיד.,1.0,0.28,0.5939710736274719
[Q] כיצד פועל חיסון בגוף האדם? [T] חיסון מלמד את מערכת החיסון לזהות פתוגנים וליצור תגובה מהירה בעת חשיפה עתידית. [S] חיסון מגן על הגוף.,0.3,0.22,0.10983499884605408
"[Q] מה היו הגורמים המרכזיים לפרוץ מלחמת העולם הראשונה? [T] הגורמים כללו מתחים לאומיים באירופה, בריתות צבאיות, מרוץ חימוש וההתנקשות ביורש העצר האוסטרו-הונגרי. [S] המלחמה פרצה בגלל מתחים בין מדינות, בריתות צבאיות, מרוץ חימוש וההתנקשות ביורש העצר בפרנצה פרדיננד.",1.0,0.53,0.9873949885368347
"[Q] מה היו הגורמים המרכזיים לפרוץ מלחמת העולם הראשונה? [T] הגורמים כללו מתחים לאומיים באירופה, בריתות צבאיות, מרוץ חימוש וההתנקשות ביורש העצר האוסטרו-הונגרי. [S] הייתה מלחמה בעולם.",0.2,0.0,0.28660470247268677
"[Q] מה היו תוצאות מלחמת העולם הראשונה על אירופה? [T] המלחמה הביאה להתפרקות אימפריות גדולות, שינויי גבולות והקמת מדינות חדשות באירופה. [S] אחרי המלחמה השתנו הגבולות באירופה ונוצרו מדינות חדשות בעקבות התפרקות אימפריות.",1.0,0.63,0.9485862851142883
"[Q] מה היו תוצאות מלחמת העולם הראשונה על אירופה? [T] המלחמה הביאה להתפרקות אימפריות גדולות, שינויי גבולות והקמת מדינות חדשות באירופה. [S] הייתה מלחמה ואז דברים השתנו.",0.3,0.5,0.15286146104335785
"[Q] מהי מהפכת התעשייה ומה חשיבותה? [T] מהפכת התעשייה הייתה מעבר מייצור ידני לייצור מכני, שהוביל לשינויים כלכליים וחברתיים עמוקים. [S] מהפכת התעשייה היא שינוי מייצור ביד למכונות והשפיעה על הכלכלה והחברה.",1.0,0.73,0.845341145992279
"[Q] מהי מהפכת התעשייה ומה חשיבותה? [T] מהפכת התעשייה הייתה מעבר מייצור ידני לייצור מכני, שהוביל לשינויים כלכליים וחברתיים עמוקים. [S] אנשים התחילו לעבוד במפעלים.",0.4,0.0,0.17434339225292206
[Q] מהו חוזה ורסאי ומה משמעותו? [T] חוזה ורסאי היה הסכם שלום שסיים את מלחמת העולם הראשונה והטיל מגבלות ופיצויים על גרמניה. [S] חוזה ורסאי סיים את מלחמת העולם הראשונה והטיל תנאים קשים על גרמניה.,1.0,0.69,0.9026502966880798
[Q] מהו חוזה ורסאי ומה משמעותו? [T] חוזה ורסאי היה הסכם שלום שסיים את מלחמת העולם הראשונה והטיל מגבלות ופיצויים על גרמניה. [S] זה הסכם שלום.,0.3,0.45,0.16899912059307098
[Q] כיצד עליית הנאציזם בגרמניה הושפעה מתוצאות המלחמה? [T] תוצאות מלחמת העולם הראשונה יצרו משבר כלכלי ופוליטי בגרמניה שסייע לעליית הנאצים לשלטון. [S] המשבר אחרי המלחמה בגרמניה תרם לעליית הנאצים לשלטון.,1.0,0.74,0.866274356842041
[Q] כיצד עליית הנאציזם בגרמניה הושפעה מתוצאות המלחמה? [T] תוצאות מלחמת העולם הראשונה יצרו משבר כלכלי ופוליטי בגרמניה שסייע לעליית הנאצים לשלטון. [S] הנאצים עלו לשלטון.,0.4,0.07,0.20703348517417908
[Q] כיצד התפתחה הדמוקרטיה באתונה העתיקה? [T] הדמוקרטיה באתונה התפתחה בהדרגה וכללה השתתפות אזרחים בהחלטות פוליטיות באספה הכללית. [S] באתונה העתיקה התפתחה דמוקרטיה שבה אזרחים השתתפו בקבלת החלטות באספות ציבוריות.,1.0,0.9,0.960512101650238
[Q] כיצד התפתחה הדמוקרטיה באתונה העתיקה? [T] הדמוקרטיה באתונה התפתחה בהדרגה וכללה השתתפות אזרחים בהחלטות פוליטיות באספה הכללית. [S] באתונה היה שלטון.,0.2,0.02,0.16977569460868835
"[Q] מה הייתה האימפריה הרומית ומה מאפייניה? [T] האימפריה הרומית הייתה אימפריה גדולה באירופה ובים התיכון עם שלטון מרכזי, צבא חזק וחוק מפותח. [S] האימפריה הרומית הייתה אימפריה גדולה עם שלטון חזק, צבא מפותח ומערכת חוקים מסודרת.",1.0,0.76,0.8675929307937622
"[Q] מה הייתה האימפריה הרומית ומה מאפייניה? [T] האימפריה הרומית הייתה אימפריה גדולה באירופה ובים התיכון עם שלטון מרכזי, צבא חזק וחוק מפותח. [S] רומא הייתה עיר עתיקה.",0.3,0.0,0.08727210760116577
[Q] כיצד התנהלה החברה הפיאודלית בימי הביניים? [T] החברה הפיאודלית התבססה על מערכת של אדונים ווסאלים עם יחסי תלות כלכליים וחברתיים. [S] בימי הביניים הייתה מערכת שבה אדונים העניקו קרקעות בתמורה לשירותים.,1.0,0.11,0.6510571837425232
[Q] כיצד התנהלה החברה הפיאודלית בימי הביניים? [T] החברה הפיאודלית התבססה על מערכת של אדונים ווסאלים עם יחסי תלות כלכליים וחברתיים. [S] אנשים חיו בעבר אחרת.,0.2,0.0,0.15158945322036743
"[Q] מה הייתה תקופת הרנסנס? [T] הרנסנס הייתה תקופה של פריחה תרבותית, מדעית ואמנותית באירופה לאחר ימי הביניים. [S] הרנסנס הייתה תקופה של התפתחות באמנות, מדע ותרבות באירופה.",1.0,0.68,0.9108657240867615
"[Q] מה הייתה תקופת הרנסנס? [T] הרנסנס הייתה תקופה של פריחה תרבותית, מדעית ואמנותית באירופה לאחר ימי הביניים. [S] אנשים ציירו הרבה בתקופה ההיא.",0.5,0.21,0.1666523665189743
[Q] מה גרם לגילוי אמריקה על ידי קולומבוס? [T] קולומבוס חיפש נתיב ימי חדש להודו והגיע במקרה ליבשת אמריקה בשנת 1492. [S] קולומבוס ניסה להגיע להודו אבל הגיע לאמריקה במקרה בשנת 1492.,1.0,0.61,0.9350176453590393
[Q] מה גרם לגילוי אמריקה על ידי קולומבוס? [T] קולומבוס חיפש נתיב ימי חדש להודו והגיע במקרה ליבשת אמריקה בשנת 1492. [S] קולומבוס הפליג בים.,0.2,0.32,0.08916231244802475
"[Q] מה היו הסיבות למהפכה הצרפתית? [T] המהפכה הצרפתית נגרמה עקב אי שוויון חברתי, משבר כלכלי והשפעת רעיונות נאורות. [S] המהפכה הצרפתית נגרמה בגלל אי שוויון בין מעמדות, משבר כלכלי ורעיונות של חירות ושוויון.",1.0,0.97,0.9132317900657654
"[Q] מה היו הסיבות למהפכה הצרפתית? [T] המהפכה הצרפתית נגרמה עקב אי שוויון חברתי, משבר כלכלי והשפעת רעיונות נאורות. [S] הייתה מהפכה בצרפת.",0.2,0.0,0.05914744362235069
[Q] מהי תקופת מלחמות נפוליאון? [T] מלחמות נפוליאון היו סדרת מלחמות באירופה בהובלת נפוליאון בונפרטה בתחילת המאה ה-19. [S] נפוליאון ניהל מלחמות רבות באירופה בתחילת המאה ה-19.,1.0,0.55,0.9387000799179077
[Q] מהי תקופת מלחמות נפוליאון? [T] מלחמות נפוליאון היו סדרת מלחמות באירופה בהובלת נפוליאון בונפרטה בתחילת המאה ה-19. [S] נפוליאון היה מנהיג.,0.3,0.34,0.1871357411146164
"[Q] כיצד השפיעה המהפכה התעשייתית על החברה? [T] המהפכה התעשייתית שינתה את מבנה החברה, יצרה ערים תעשייתיות והביאה לשינויים כלכליים עמוקים. [S] המהפכה התעשייתית גרמה לאנשים לעבור לערים ולעבוד במפעלים, ושינתה את החברה.",1.0,0.68,0.8480939865112305
"[Q] כיצד השפיעה המהפכה התעשייתית על החברה? [T] המהפכה התעשייתית שינתה את מבנה החברה, יצרה ערים תעשייתיות והביאה לשינויים כלכליים עמוקים. [S] אנשים התחילו לעבוד.",0.4,0.0,0.11716733872890472
[Q] מהי משמעות הכרזת העצמאות של מדינת ישראל? [T] הכרזת העצמאות ב-1948 סימנה את הקמת מדינת ישראל כמדינה ריבונית. [S] בשנת 1948 הוכרזה הקמת מדינת ישראל כמדינה עצמאית.,1.0,0.74,0.9697256684303284
[Q] מהי משמעות הכרזת העצמאות של מדינת ישראל? [T] הכרזת העצמאות ב-1948 סימנה את הקמת מדינת ישראל כמדינה ריבונית. [S] קמה מדינה.,0.2,0.55,0.35294345021247864
[Q] כיצד התפתחה המלחמה הקרה? [T] המלחמה הקרה הייתה עימות פוליטי ואידאולוגי בין ארה״ב לברית המועצות ללא לחימה ישירה. [S] המלחמה הקרה הייתה מאבק בין ארה״ב לברית המועצות בלי קרבות ישירים.,1.0,0.96,0.8785823583602905
[Q] כיצד התפתחה המלחמה הקרה? [T] המלחמה הקרה הייתה עימות פוליטי ואידאולוגי בין ארה״ב לברית המועצות ללא לחימה ישירה. [S] הייתה מתיחות בין מדינות.,0.3,0.0,0.4438308775424957
"[Q] מה היו תוצאות מלחמת העולם השנייה על אירופה? [T] מלחמת העולם השנייה הביאה להרס נרחב, חלוקת גרמניה והשפעה פוליטית של המלחמה הקרה. [S] אחרי מלחמת העולם השנייה אירופה נהרסה, גרמניה חולקה, והתחיל עידן המלחמה הקרה.",1.0,0.7,0.9016305208206177
"[Q] מה היו תוצאות מלחמת העולם השנייה על אירופה? [T] מלחמת העולם השנייה הביאה להרס נרחב, חלוקת גרמניה והשפעה פוליטית של המלחמה הקרה. [S] הייתה מלחמה גדולה.",0.2,0.31,0.11234531551599503
[Q] כיצד התרחשה השואה ומה משמעותה ההיסטורית? [T] השואה הייתה רצח עם של יהודים על ידי הנאצים במהלך מלחמת העולם השנייה. [S] השואה הייתה רצח המוני של יהודים על ידי הנאצים במלחמת העולם השנייה.,1.0,1.03,0.9535073637962341
[Q] כיצד התרחשה השואה ומה משמעותה ההיסטורית? [T] השואה הייתה רצח עם של יהודים על ידי הנאצים במהלך מלחמת העולם השנייה. [S] הייתה מלחמה.,0.2,0.11,0.09143373370170593
"[Q] מהי חשיבות הקמת האו״ם? [T] האו״ם הוקם כדי לשמור על שלום עולמי, לקדם שיתוף פעולה בין מדינות ולמנוע מלחמות נוספות. [S] האו״ם הוקם כדי לשמור על שלום בין מדינות ולקדם שיתוף פעולה בינלאומי.",1.0,0.67,1.0077306032180786
"[Q] מהי חשיבות הקמת האו״ם? [T] האו״ם הוקם כדי לשמור על שלום עולמי, לקדם שיתוף פעולה בין מדינות ולמנוע מלחמות נוספות. [S] זה ארגון בינלאומי.",0.3,0.0,0.4391046464443207
"[Q] כיצד התפתחה מדינת ישראל לאחר הקמתה? [T] לאחר הקמתה ישראל התמודדה עם מלחמות, קליטת עלייה ובניית מוסדות מדינה. [S] ישראל אחרי הקמתה התמודדה עם מלחמות, עלייה ובניית מוסדות המדינה.",1.0,0.99,0.9433978199958801
"[Q] כיצד התפתחה מדינת ישראל לאחר הקמתה? [T] לאחר הקמתה ישראל התמודדה עם מלחמות, קליטת עלייה ובניית מוסדות מדינה. [S] המדינה התפתחה.",0.2,0.09,0.015825388953089714
"[Q] מהי משמעות המלחמה הקרה בעולם? [T] המלחמה הקרה השפיעה על יחסים בינלאומיים, מרוץ חימוש ומאבק אידאולוגי בין גושים. [S] המלחמה הקרה השפיעה על העולם דרך מתיחות בין גושים ומרוץ חימוש.",1.0,0.98,0.9480696320533752
"[Q] מהי משמעות המלחמה הקרה בעולם? [T] המלחמה הקרה השפיעה על יחסים בינלאומיים, מרוץ חימוש ומאבק אידאולוגי בין גושים. [S] הייתה מתיחות בעולם.",0.3,0.02,0.28869712352752686
"[Q] מה היו הגורמים לעליית תנועות לאומיות באירופה במאה ה-19? [T] עליית תנועות לאומיות נבעה מהשפעת רעיונות הנאורות, מהפכות פוליטיות ורצון של עמים לעצמאות. [S] תנועות לאומיות באירופה קמו בעקבות רעיונות חירות ושוויון ורצון של עמים לעצמאות פוליטית.",1.0,0.79,0.9521533846855164
"[Q] מה היו הגורמים לעליית תנועות לאומיות באירופה במאה ה-19? [T] עליית תנועות לאומיות נבעה מהשפעת רעיונות הנאורות, מהפכות פוליטיות ורצון של עמים לעצמאות. [S] הייתה התפתחות באירופה.",0.2,0.16,0.10959900170564651
[Q] כיצד התפתחה המהפכה המדעית? [T] המהפכה המדעית התפתחה דרך גילויים מדעיים ושיטות מחקר חדשות שהתבססו על ניסוי ותצפית. [S] המהפכה המדעית כללה פיתוח שיטות מדעיות חדשות וגילויים ששינו את תפיסת העולם.,1.0,0.54,1.0032641887664795
[Q] כיצד התפתחה המהפכה המדעית? [T] המהפכה המדעית התפתחה דרך גילויים מדעיים ושיטות מחקר חדשות שהתבססו על ניסוי ותצפית. [S] מדענים גילו דברים חדשים.,0.4,0.0,0.7368863821029663
"[Q] מהי חשיבות עקרון הפרדת הרשויות? [T] הפרדת רשויות מונעת ריכוז כוח ומבטיחה איזון בין הרשות המחוקקת, המבצעת והשופטת. [S] הפרדת רשויות מחלקת את השלטון לשלוש רשויות כדי למנוע ריכוז כוח.",1.0,0.72,1.0053738355636597
"[Q] מהי חשיבות עקרון הפרדת הרשויות? [T] הפרדת רשויות מונעת ריכוז כוח ומבטיחה איזון בין הרשות המחוקקת, המבצעת והשופטת. [S] יש שלטון במדינה.",0.2,0.12,0.26046183705329895
"[Q] מה הייתה השפעת המהפכה הצרפתית על אירופה? [T] המהפכה הצרפתית הפיצה רעיונות של חירות, שוויון ואחווה והשפיעה על מדינות נוספות באירופה. [S] המהפכה הצרפתית השפיעה על אירופה והפיצה רעיונות של חירות ושוויון.",1.0,0.88,0.902530312538147
"[Q] מה הייתה השפעת המהפכה הצרפתית על אירופה? [T] המהפכה הצרפתית הפיצה רעיונות של חירות, שוויון ואחווה והשפיעה על מדינות נוספות באירופה. [S] הייתה מהפכה.",0.3,0.0,0.08589963614940643
"[Q] כיצד השתנה העולם בעקבות גילוי אמריקה? [T] גילוי אמריקה שינה את הסחר העולמי, הוביל לקולוניזציה והשפיע על תרבויות ילידיות. [S] גילוי אמריקה שינה את הסחר בעולם והוביל להתפשטות אירופאית.",1.0,1.0,0.9699149131774902
"[Q] כיצד השתנה העולם בעקבות גילוי אמריקה? [T] גילוי אמריקה שינה את הסחר העולמי, הוביל לקולוניזציה והשפיע על תרבויות ילידיות. [S] גילו יבשת חדשה.",0.3,0.24,0.10362149775028229
"[Q] מה היו מאפייני תקופת הנאורות? [T] תקופת הנאורות הדגישה חשיבה רציונלית, זכויות אדם, ביקורת על שלטון וקדמה מדעית. [S] תקופת הנאורות עסקה ברעיונות של שכל, זכויות אדם, חופש מחשבה וביקורת על שלטון.",1.0,0.77,0.85628342628479
"[Q] מה היו מאפייני תקופת הנאורות? [T] תקופת הנאורות הדגישה חשיבה רציונלית, זכויות אדם, ביקורת על שלטון וקדמה מדעית. [S] הייתה תקופה היסטורית באירופה.",0.2,0.2,0.04626373574137688
[Q] כיצד התפתחה המהפכה האמריקאית? [T] המהפכה האמריקאית נבעה ממאבק של המושבות נגד שלטון בריטי והובילה לעצמאות ארצות הברית. [S] המושבות האמריקאיות נלחמו נגד בריטניה והפכו לעצמאיות.,1.0,0.36,0.9326291084289551
[Q] כיצד התפתחה המהפכה האמריקאית? [T] המהפכה האמריקאית נבעה ממאבק של המושבות נגד שלטון בריטי והובילה לעצמאות ארצות הברית. [S] הייתה מלחמה.,0.2,0.21,0.1150386855006218
[Q] מהי משמעות חוזה וסטפאליה? [T] חוזה וסטפאליה סיים את מלחמת שלושים השנים והניח יסודות למערכת מדינות מודרנית באירופה. [S] חוזה וסטפאליה סיים מלחמה גדולה באירופה ויצר סדר מדיני חדש.,1.0,0.62,0.8595844507217407
[Q] מהי משמעות חוזה וסטפאליה? [T] חוזה וסטפאליה סיים את מלחמת שלושים השנים והניח יסודות למערכת מדינות מודרנית באירופה. [S] זה חוזה היסטורי.,0.3,0.26,0.20467320084571838
"[Q] כיצד השפיעה המהפכה התעשייתית על הכלכלה העולמית? [T] המהפכה התעשייתית הגדילה ייצור, יצרה שווקים חדשים ושינתה את מבנה הכלכלה העולמית. [S] המהפכה התעשייתית שינתה את הכלכלה והגדילה ייצור בעולם.",1.0,0.7,0.9201451539993286
"[Q] כיצד השפיעה המהפכה התעשייתית על הכלכלה העולמית? [T] המהפכה התעשייתית הגדילה ייצור, יצרה שווקים חדשים ושינתה את מבנה הכלכלה העולמית. [S] אנשים התחילו לעבוד במפעלים.",0.4,0.0,0.17047205567359924
[Q] מהי חשיבות זכויות האדם בהיסטוריה המודרנית? [T] זכויות האדם הפכו לבסיס למשטרים דמוקרטיים ולחוקים בינלאומיים להגנה על הפרט. [S] זכויות האדם הן עקרונות שמגנים על חירות ושוויון של אנשים במדינות דמוקרטיות.,1.0,0.32,1.0143758058547974
[Q] מהי חשיבות זכויות האדם בהיסטוריה המודרנית? [T] זכויות האדם הפכו לבסיס למשטרים דמוקרטיים ולחוקים בינלאומיים להגנה על הפרט. [S] יש חוקים לאנשים.,0.2,0.38,0.293188214302063
"[Q] כיצד התפתח הקולוניאליזם האירופי ומה היו השלכותיו? [T] הקולוניאליזם האירופי כלל השתלטות של מדינות אירופה על שטחים באפריקה, אסיה ואמריקה לצורך משאבים ושליטה. [S] מדינות אירופה השתלטו על שטחים בעולם כדי לנצל משאבים ולבסס שליטה פוליטית וכלכלית.",1.0,0.43,0.8987030386924744
"[Q] כיצד התפתח הקולוניאליזם האירופי ומה היו השלכותיו? [T] הקולוניאליזם האירופי כלל השתלטות של מדינות אירופה על שטחים באפריקה, אסיה ואמריקה לצורך משאבים ושליטה. [S] הייתה התפשטות אירופאית.",0.2,0.07,0.14967718720436096
"[Q] מה היו הגורמים למהפכה הרוסית? [T] המהפכה הרוסית נבעה מאי שוויון חברתי, משבר כלכלי וחוסר שביעות רצון מהשלטון הצארי. [S] המהפכה הרוסית פרצה בגלל משבר כלכלי, אי שוויון וחוסר שביעות רצון מהשלטון.",1.0,0.97,0.8439908027648926
"[Q] מה היו הגורמים למהפכה הרוסית? [T] המהפכה הרוסית נבעה מאי שוויון חברתי, משבר כלכלי וחוסר שביעות רצון מהשלטון הצארי. [S] הייתה מהפכה ברוסיה.",0.2,0.16,0.05065609887242317
"[Q] כיצד השפיעו שתי מלחמות העולם על המאה ה-20? [T] שתי מלחמות העולם עיצבו מחדש גבולות, משטרים פוליטיים והובילו לשינויים טכנולוגיים וחברתיים עמוקים. [S] שתי מלחמות העולם שינו את העולם מבחינה פוליטית, חברתית וטכנולוגית.",1.0,0.39,0.902471661567688
"[Q] כיצד השפיעו שתי מלחמות העולם על המאה ה-20? [T] שתי מלחמות העולם עיצבו מחדש גבולות, משטרים פוליטיים והובילו לשינויים טכנולוגיים וחברתיים עמוקים. [S] היו מלחמות גדולות.",0.2,0.27,0.03766805678606033
"[Q] מהי משמעות המהפכה הדיגיטלית בהיסטוריה המודרנית? [T] המהפכה הדיגיטלית שינתה את האופן שבו אנשים מתקשרים, עובדים וצורכים מידע באמצעות מחשבים ואינטרנט. [S] המהפכה הדיגיטלית שינתה את העולם באמצעות מחשבים, אינטרנט וטכנולוגיה דיגיטלית.",1.0,0.78,0.9369807839393616
"[Q] מהי משמעות המהפכה הדיגיטלית בהיסטוריה המודרנית? [T] המהפכה הדיגיטלית שינתה את האופן שבו אנשים מתקשרים, עובדים וצורכים מידע באמצעות מחשבים ואינטרנט. [S] יש מחשבים בעולם.",0.2,0.27,0.07814191281795502
[Q] כיצד התפתחה מערכת המדינות המודרנית באירופה? [T] מערכת המדינות המודרנית התפתחה לאחר הסכמים היסטוריים שהגדירו ריבונות וגבולות מדינתיים. [S] באירופה התפתחה מערכת מדינות עם גבולות וריבונות ברורה בין מדינות.,1.0,1.0,0.9936532974243164
[Q] כיצד התפתחה מערכת המדינות המודרנית באירופה? [T] מערכת המדינות המודרנית התפתחה לאחר הסכמים היסטוריים שהגדירו ריבונות וגבולות מדינתיים. [S] יש מדינות באירופה.,0.3,0.0,0.09258637577295303
"[Q] מה היו הגורמים להתפתחות המדע המודרני? [T] התפתחות המדע המודרני נבעה משילוב של שיטות ניסוי, חשיבה רציונלית, המצאת כלי מדידה ושיתוף ידע בין חוקרים. [S] המדע המודרני התפתח בזכות ניסויים, שיטות מחקר חדשות ושיתוף ידע בין מדענים.",1.0,0.79,0.9015398621559143
"[Q] מה היו הגורמים להתפתחות המדע המודרני? [T] התפתחות המדע המודרני נבעה משילוב של שיטות ניסוי, חשיבה רציונלית, המצאת כלי מדידה ושיתוף ידע בין חוקרים. [S] היה מדע.",0.2,0.38,0.05498228594660759
"[Q] כיצד התפתחה מהפכת זכויות האזרח בעולם? [T] מהפכת זכויות האזרח כללה מאבקים לשוויון זכויות, ביטול אפליה וקידום חקיקה מגנה במדינות שונות. [S] מאבקים לזכויות שוות ושינוי חוקים נגד אפליה.",1.0,0.83,0.9386825561523438
"[Q] כיצד התפתחה מהפכת זכויות האזרח בעולם? [T] מהפכת זכויות האזרח כללה מאבקים לשוויון זכויות, ביטול אפליה וקידום חקיקה מגנה במדינות שונות. [S] אנשים רצו זכויות.",0.3,0.35,0.179729625582695
"[Q] מהי השפעת הגלובליזציה על העולם המודרני? [T] גלובליזציה יצרה קשרים כלכליים ותרבותיים בין מדינות והגבירה תלות הדדית בין שווקים. [S] גלובליזציה חיברה בין מדינות מבחינה כלכלית, תרבותית וטכנולוגית.",1.0,0.21,0.9262990355491638
[Q] מהי השפעת הגלובליזציה על העולם המודרני? [T] גלובליזציה יצרה קשרים כלכליים ותרבותיים בין מדינות והגבירה תלות הדדית בין שווקים. [S] העולם מחובר.,0.2,0.0,0.06100239232182503
"[Q] כיצד התפתח רעיון הדמוקרטיה המודרנית? [T] הדמוקרטיה המודרנית התפתחה דרך מהפכות, חוקים חוקתיים והרחבת זכות הבחירה לאזרחים. [S] הדמוקרטיה התפתחה דרך מהפכות והרחבת זכויות הצבעה לאזרחים.",1.0,0.87,0.9900713562965393
"[Q] כיצד התפתח רעיון הדמוקרטיה המודרנית? [T] הדמוקרטיה המודרנית התפתחה דרך מהפכות, חוקים חוקתיים והרחבת זכות הבחירה לאזרחים. [S] יש בחירות במדינות.",0.3,0.0,0.20468392968177795
"[Q] מה היו ההשלכות של המהפכה הדיגיטלית על החברה? [T] המהפכה הדיגיטלית שינתה תקשורת, עבודה, חינוך וגישה למידע באופן גלובלי. [S] המהפכה הדיגיטלית שינתה את החיים דרך אינטרנט, טלפונים ומחשבים.",1.0,0.49,0.34338974952697754
"[Q] מה היו ההשלכות של המהפכה הדיגיטלית על החברה? [T] המהפכה הדיגיטלית שינתה תקשורת, עבודה, חינוך וגישה למידע באופן גלובלי. [S] יש אינטרנט בעולם.",0.2,0.05,0.057441387325525284
"[Q] כיצד התפתח תחום הרפואה המודרנית ומה תרומתו לחברה? [T] הרפואה המודרנית התפתחה בזכות גילוי חיידקים, פיתוח חיסונים, אנטיביוטיקה ושיטות אבחון מתקדמות. [S] הרפואה המודרנית התפתחה עם גילוי מחלות, חיסונים, אנטיביוטיקה ושיפור שיטות טיפול.",1.0,0.79,0.9633861780166626
"[Q] כיצד התפתח תחום הרפואה המודרנית ומה תרומתו לחברה? [T] הרפואה המודרנית התפתחה בזכות גילוי חיידקים, פיתוח חיסונים, אנטיביוטיקה ושיטות אבחון מתקדמות. [S] יש רפואה.",0.2,0.42,0.030901893973350525
"[Q] מהי חשיבות מערכת המשפט במדינה דמוקרטית? [T] מערכת המשפט מבטיחה אכיפת חוק, שמירה על זכויות אזרח ופיקוח על הרשויות. [S] מערכת המשפט שומרת על החוק, זכויות האזרחים ומפקחת על הרשויות במדינה דמוקרטית.",1.0,0.75,0.9868802428245544
"[Q] מהי חשיבות מערכת המשפט במדינה דמוקרטית? [T] מערכת המשפט מבטיחה אכיפת חוק, שמירה על זכויות אזרח ופיקוח על הרשויות. [S] יש בתי משפט.",0.3,0.5,0.06570665538311005
[Q] כיצד פועל שוק כלכלי בסיסי? [T] שוק כלכלי פועל על בסיס היצע וביקוש המשפיעים על מחירים וייצור. [S] שוק כלכלי מתבסס על היצע וביקוש שקובעים מחירים וכמויות מוצרים.,1.0,0.78,0.7980626225471497
[Q] כיצד פועל שוק כלכלי בסיסי? [T] שוק כלכלי פועל על בסיס היצע וביקוש המשפיעים על מחירים וייצור. [S] יש קניות.,0.2,0.0,0.05236836150288582
[Q] מהי אינפלציה ומה השפעותיה? [T] אינפלציה היא עלייה כללית ברמת המחירים שמפחיתה את ערך הכסף. [S] אינפלציה היא עליית מחירים שמקטינה את כוח הקנייה של הכסף.,1.0,0.93,0.8624767661094666
[Q] מהי אינפלציה ומה השפעותיה? [T] אינפלציה היא עלייה כללית ברמת המחירים שמפחיתה את ערך הכסף. [S] דברים נהיים יקרים.,0.4,0.0,0.19715516269207
"[Q] כיצד מתפקדת מערכת החינוך בחברה מודרנית? [T] מערכת החינוך מעבירה ידע, מיומנויות וערכים לדור הצעיר ומכינה אותו לחיים בחברה. [S] מערכת החינוך מלמדת תלמידים ידע ומיומנויות לחיים ולעבודה.",1.0,0.69,0.9102552533149719
"[Q] כיצד מתפקדת מערכת החינוך בחברה מודרנית? [T] מערכת החינוך מעבירה ידע, מיומנויות וערכים לדור הצעיר ומכינה אותו לחיים בחברה. [S] יש בתי ספר.",0.2,0.0,0.05258850008249283
"[Q] כיצד פועל מחזור המים בטבע ומה חשיבותו? [T] מחזור המים כולל אידוי, עיבוי, משקעים וזרימה חוזרת לימים ולנהרות. [S] מים מתאדים, מתעבים לעננים, יורדים כגשם וחוזרים לנהרות ולימים.",1.0,0.61,0.861498236656189
"[Q] כיצד פועל מחזור המים בטבע ומה חשיבותו? [T] מחזור המים כולל אידוי, עיבוי, משקעים וזרימה חוזרת לימים ולנהרות. [S] יש מים בטבע.",0.2,0.22,0.02323848195374012
"[Q] מהו תפקיד האטמוספירה בכדור הארץ? [T] האטמוספירה מגינה מקרינה מסוכנת, מאפשרת קיום חיים ומווסתת טמפרטורה. [S] האטמוספירה מגנה על כדור הארץ מקרינה ומווסתת את הטמפרטורה כדי לאפשר חיים.",1.0,0.66,1.0513107776641846
"[Q] מהו תפקיד האטמוספירה בכדור הארץ? [T] האטמוספירה מגינה מקרינה מסוכנת, מאפשרת קיום חיים ומווסתת טמפרטורה. [S] יש אוויר.",0.2,0.44,0.0037000770680606365
[Q] כיצד נוצרים רעידות אדמה? [T] רעידות אדמה נגרמות כתוצאה מתזוזת לוחות טקטוניים ושחרור אנרגיה בקרום כדור הארץ. [S] רעידות אדמה נוצרות מתזוזה של לוחות טקטוניים ושחרור אנרגיה פתאומי.,1.0,0.68,1.0305930376052856
[Q] כיצד נוצרים רעידות אדמה? [T] רעידות אדמה נגרמות כתוצאה מתזוזת לוחות טקטוניים ושחרור אנרגיה בקרום כדור הארץ. [S] האדמה זזה.,0.3,0.14,0.2629896104335785
[Q] מהו תפקיד מערכת העצבים בגוף האדם? [T] מערכת העצבים מעבירה אותות בין המוח לגוף ומווסתת פעולות שונות כמו תנועה ותחושה. [S] מערכת העצבים מעבירה אותות מהמוח לגוף ושולטת בתחושות ותנועות.,1.0,0.76,1.0122052431106567
[Q] מהו תפקיד מערכת העצבים בגוף האדם? [T] מערכת העצבים מעבירה אותות בין המוח לגוף ומווסתת פעולות שונות כמו תנועה ותחושה. [S] יש עצבים בגוף.,0.2,0.01,-0.010088672861456871
[Q] כיצד פועל תהליך הנשימה בתאים? [T] נשימה תאית מפיקה אנרגיה מגלוקוז באמצעות חמצן בתוך המיטוכונדריה. [S] בתאים מתבצע תהליך שבו גלוקוז מתפרק בעזרת חמצן ליצירת אנרגיה.,1.0,0.69,0.8232678174972534
[Q] כיצד פועל תהליך הנשימה בתאים? [T] נשימה תאית מפיקה אנרגיה מגלוקוז באמצעות חמצן בתוך המיטוכונדריה. [S] הגוף נושם.,0.2,0.25,0.09528970718383789
"[Q] כיצד פועל עקרון השימור באנרגיה במערכות פיזיקליות? [T] עקרון השימור קובע שאנרגיה אינה נוצרת ואינה נהרסת אלא משנה צורה בין סוגים שונים. [S] אנרגיה לא נוצרת ולא נעלמת, אלא עוברת בין צורות כמו חום, תנועה ואור.",1.0,0.48,0.6803684830665588
[Q] כיצד פועל עקרון השימור באנרגיה במערכות פיזיקליות? [T] עקרון השימור קובע שאנרגיה אינה נוצרת ואינה נהרסת אלא משנה צורה בין סוגים שונים. [S] יש אנרגיה בעולם.,0.2,0.24,0.12016988545656204
"[Q] מהי חשיבות החיכוך בתנועה יומיומית? [T] חיכוך מאפשר הליכה, בלימה ותפקוד של מערכות רבות אך גם גורם לאיבוד אנרגיה כחום. [S] חיכוך מאפשר לנו ללכת, לבלום ולתפקד, אך גם גורם לאיבוד אנרגיה כחום.",1.0,0.81,1.0223840475082397
"[Q] מהי חשיבות החיכוך בתנועה יומיומית? [T] חיכוך מאפשר הליכה, בלימה ותפקוד של מערכות רבות אך גם גורם לאיבוד אנרגיה כחום. [S] דברים זזים בגלל חיכוך.",0.4,0.25,0.30626657605171204
[Q] כיצד פועל מגנט ומהו שדה מגנטי? [T] מגנט יוצר שדה מגנטי שמפעיל כוח על חומרים מסוימים כמו ברזל. [S] מגנט יוצר שדה מגנטי שמושך מתכות כמו ברזל.,1.0,0.78,0.7412192225456238
[Q] כיצד פועל מגנט ומהו שדה מגנטי? [T] מגנט יוצר שדה מגנטי שמפעיל כוח על חומרים מסוימים כמו ברזל. [S] מגנט מושך דברים.,0.3,0.29,0.14245228469371796
[Q] מהי חשיבות ה-DNA באורגניזמים חיים? [T] DNA מכיל את המידע הגנטי הקובע תכונות ותפקודים של יצורים חיים. [S] DNA מכיל מידע גנטי שקובע תכונות של יצורים חיים.,1.0,0.99,1.0661569833755493
[Q] מהי חשיבות ה-DNA באורגניזמים חיים? [T] DNA מכיל את המידע הגנטי הקובע תכונות ותפקודים של יצורים חיים. [S] יש DNA בתאים.,0.3,0.33,0.33145904541015625
[Q] כיצד פועל תהליך עיכול המזון בגוף האדם? [T] מערכת העיכול מפרקת מזון לחומרים קטנים שהגוף יכול לספוג ולהשתמש בהם לאנרגיה. [S] מערכת העיכול מפרקת מזון לחומרים קטנים שהגוף סופג ומשתמש בהם לאנרגיה.,1.0,1.0,0.8914437294006348
[Q] כיצד פועל תהליך עיכול המזון בגוף האדם? [T] מערכת העיכול מפרקת מזון לחומרים קטנים שהגוף יכול לספוג ולהשתמש בהם לאנרגיה. [S] הגוף מעכל אוכל.,0.2,0.49,0.14040027558803558
"[Q] מהי פוטוסינתזה ומה תפקידה? [T] פוטוסינתזה היא תהליך שבו צמחים משתמשים באור שמש ליצירת אנרגיה בצורת סוכר תוך פליטת חמצן. [S] פוטוסינתזה היא תהליך שבו צמחים משתמשים באור שמש, מים ופחמן דו-חמצני כדי לייצר מזון וחמצן.",1.0,0.81,0.8226985335350037
[Q] מהי פוטוסינתזה ומה תפקידה? [T] פוטוסינתזה היא תהליך שבו צמחים משתמשים באור שמש ליצירת אנרגיה בצורת סוכר תוך פליטת חמצן. [S] צמחים עושים אוכל.,0.6,0.39,0.06336046755313873
[Q] מהי פוטוסינתזה ומה תפקידה? [T] פוטוסינתזה היא תהליך שבו צמחים משתמשים באור שמש ליצירת אנרגיה בצורת סוכר תוך פליטת חמצן. [S] צמחים משתמשים באור שמש כדי לחיות.,0.4,0.41,0.2806607186794281
[Q] מהי פוטוסינתזה ומה תפקידה? [T] פוטוסינתזה היא תהליך שבו צמחים משתמשים באור שמש ליצירת אנרגיה בצורת סוכר תוך פליטת חמצן. [S] צמחים עושים משהו עם שמש וזה קשור לחיים שלהם אבל גם לא ברור איך זה עובד בדיוק כי יש שם תהליך ביולוגי מורכב שכולל כמה שלבים שונים ואנזימים שונים ופירוק והרכבה של חומרים בתוך העלים.,0.3,0.41,0.2814458906650543
[Q] מהי פוטוסינתזה ומה תפקידה? [T] פוטוסינתזה היא תהליך שבו צמחים משתמשים באור שמש ליצירת אנרגיה בצורת סוכר תוך פליטת חמצן. [S] צמחים משתמשים באור שמש כדי ליצור אנרגיה אבל גם לפעמים הם מקבלים אנרגיה מהקרקע ומהאוויר וזה תהליך שמושפע גם ממזג האוויר וגם מהאדמה וגם מהשורשים ולכן זה תהליך כללי של קליטת אנרגיה מהסביבה.,0.2,0.75,0.41489407420158386
"[Q] כיצד פועל כוח הכבידה ביקום? [T] כוח הכבידה הוא כוח משיכה בין כל שני גופים בעלי מסה והוא שולט בתנועת כוכבים, כוכבי לכת וחפצים על פני כדור הארץ. [S] כוח הכבידה גורם לכך שגופים נמשכים זה לזה בהתאם למסה שלהם.",1.0,0.77,0.8154188990592957
"[Q] כיצד פועל כוח הכבידה ביקום? [T] כוח הכבידה הוא כוח משיכה בין כל שני גופים בעלי מסה והוא שולט בתנועת כוכבים, כוכבי לכת וחפצים על פני כדור הארץ. [S] יש כוח שמושך דברים למטה ולצדדים לפי מצבם ביקום.",0.5,0.44,0.720071017742157
"[Q] כיצד פועל כוח הכבידה ביקום? [T] כוח הכבידה הוא כוח משיכה בין כל שני גופים בעלי מסה והוא שולט בתנועת כוכבים, כוכבי לכת וחפצים על פני כדור הארץ. [S] כוח הכבידה זה משהו שמחזיק את העולם יחד אבל גם קשור לאנרגיה ולשדות שונים ביקום ולתנועות של חום ואור שמושפעים ממבנה החלל עצמו.",0.3,0.51,0.4630308151245117
"[Q] כיצד פועל כוח הכבידה ביקום? [T] כוח הכבידה הוא כוח משיכה בין כל שני גופים בעלי מסה והוא שולט בתנועת כוכבים, כוכבי לכת וחפצים על פני כדור הארץ. [S] כוח הכבידה הוא כוח שמסביר למה יש עונות שנה וגם למה מים מתאדים וגם למה אנשים מרגישים עייפות לפעמים כי הכל ביקום קשור לכוח אחד שמנהל את כל הכוחות האחרים.",0.2,0.49,0.20736461877822876
"[Q] מהי מערכת הדם בגוף האדם? [T] מערכת הדם כוללת לב, כלי דם ודם, ותפקידה להעביר חמצן וחומרים מזינים לכל חלקי הגוף. [S] מערכת הדם מעבירה חמצן וחומרים מזינים דרך הלב וכלי הדם לכל הגוף.",1.0,0.72,1.025795817375183
"[Q] מהי מערכת הדם בגוף האדם? [T] מערכת הדם כוללת לב, כלי דם ודם, ותפקידה להעביר חמצן וחומרים מזינים לכל חלקי הגוף. [S] מערכת הדם מעבירה דברים בגוף.",0.5,0.42,0.21179990470409393
"[Q] מהי מערכת הדם בגוף האדם? [T] מערכת הדם כוללת לב, כלי דם ודם, ותפקידה להעביר חמצן וחומרים מזינים לכל חלקי הגוף. [S] מערכת הדם היא מערכת מורכבת מאוד שמחוברת גם למערכת העצבים וגם למערכת העיכול וגם למערכת הנשימה והיא בעצם מערכת שמנהלת את כל הגוף דרך תהליכים כימיים וביולוגיים שונים שמתרחשים בו זמנית.",0.3,0.46,0.3328893482685089
"[Q] מהי מערכת הדם בגוף האדם? [T] מערכת הדם כוללת לב, כלי דם ודם, ותפקידה להעביר חמצן וחומרים מזינים לכל חלקי הגוף. [S] מערכת הדם היא משהו שמסתובב בגוף אבל גם קשור לרגשות ולמחשבות ולתחושות פנימיות ולכן קשה להסביר אותה בצורה מדויקת כי היא חלק ממערכת גדולה של גוף ונפש.",0.2,0.73,0.2799229621887207
"[Q] מהי אינפלציה ומה גורם לה? [T] אינפלציה היא עלייה כללית ומתמשכת ברמת המחירים במשק, הנגרמת מגורמי ביקוש, היצע ועלויות ייצור. [S] אינפלציה היא עלייה ברמת המחירים שמקטינה את כוח הקנייה של הכסף במשק.",1.0,0.91,0.7937889099121094
"[Q] מהי אינפלציה ומה גורם לה? [T] אינפלציה היא עלייה כללית ומתמשכת ברמת המחירים במשק, הנגרמת מגורמי ביקוש, היצע ועלויות ייצור. [S] אינפלציה היא עליית מחירים.",0.6,0.84,0.33369383215904236
"[Q] מהי אינפלציה ומה גורם לה? [T] אינפלציה היא עלייה כללית ומתמשכת ברמת המחירים במשק, הנגרמת מגורמי ביקוש, היצע ועלויות ייצור. [S] דברים נהיים יקרים עם הזמן בגלל גורמים שונים בכלכלה.",0.4,0.03,0.5140126943588257
"[Q] מהי אינפלציה ומה גורם לה? [T] אינפלציה היא עלייה כללית ומתמשכת ברמת המחירים במשק, הנגרמת מגורמי ביקוש, היצע ועלויות ייצור. [S] אינפלציה היא מושג כלכלי שמדבר על שינוי בערך הכסף לאורך זמן אבל גם קשור למדיניות ממשלתית ולבנקים מרכזיים ולשינויים בשוק העבודה ובצריכה ולכן הוא מושג רחב מאוד שמסביר הרבה תופעות כלכליות שונות בו זמנית.",0.3,0.51,0.4325222969055176
"[Q] מהי אינפלציה ומה גורם לה? [T] אינפלציה היא עלייה כללית ומתמשכת ברמת המחירים במשק, הנגרמת מגורמי ביקוש, היצע ועלויות ייצור. [S] אינפלציה היא סוג של תהליך כלכלי שבו הכסף מאבד ערך אבל גם קשור למזג אוויר, פוליטיקה, טכנולוגיה וכל מיני גורמים שלא תמיד קשורים ישירות למחירים ולכן קשה להגדיר אותה בצורה מדויקת.",0.2,0.51,0.29863595962524414
"[Q] מהי דמוקרטיה ומה עקרונותיה? [T] דמוקרטיה היא שיטת ממשל שבה האזרחים משתתפים בקבלת החלטות באמצעות בחירות ונציגים, תוך שמירה על זכויות אדם. [S] דמוקרטיה היא שיטת שלטון שבה האזרחים בוחרים נציגים ומתקבלות החלטות לפי רצון הציבור.",1.0,0.92,0.9505793452262878
"[Q] מהי דמוקרטיה ומה עקרונותיה? [T] דמוקרטיה היא שיטת ממשל שבה האזרחים משתתפים בקבלת החלטות באמצעות בחירות ונציגים, תוך שמירה על זכויות אדם. [S] דמוקרטיה היא שיטת שלטון שבה יש בחירות.",0.6,0.6,0.2888694405555725
"[Q] מהי דמוקרטיה ומה עקרונותיה? [T] דמוקרטיה היא שיטת ממשל שבה האזרחים משתתפים בקבלת החלטות באמצעות בחירות ונציגים, תוך שמירה על זכויות אדם. [S] דמוקרטיה היא רעיון פוליטי שמבוסס על השתתפות אזרחים, אבל גם על איזונים בין רשויות, חוקים מורכבים, מערכות משפטיות ותרבות פוליטית שמאפשרת קיום של חברה מודרנית.",0.3,0.89,0.7995854020118713
"[Q] מהי דמוקרטיה ומה עקרונותיה? [T] דמוקרטיה היא שיטת ממשל שבה האזרחים משתתפים בקבלת החלטות באמצעות בחירות ונציגים, תוך שמירה על זכויות אדם. [S] דמוקרטיה היא משהו שבו אנשים שולטים אבל גם יש חוקים וגם לפעמים יש שליטים וגם יש מערכות שונות שמתחברות ביחד כדי ליצור חברה מתפקדת.",0.2,0.52,0.4393947720527649
"[Q] מהו חור שחור ומה מאפייניו? [T] חור שחור הוא אזור בחלל שבו כוח הכבידה חזק מאוד כך ששום דבר, אפילו אור, לא יכול לברוח ממנו. [S] חור שחור הוא אזור בחלל עם כוח כבידה קיצוני שמונע אפילו מאור לברוח.",1.0,0.67,0.9120059013366699
"[Q] מהו חור שחור ומה מאפייניו? [T] חור שחור הוא אזור בחלל שבו כוח הכבידה חזק מאוד כך ששום דבר, אפילו אור, לא יכול לברוח ממנו. [S] חור שחור הוא משהו בחלל.",0.6,0.43,0.10208992660045624
"[Q] מהו חור שחור ומה מאפייניו? [T] חור שחור הוא אזור בחלל שבו כוח הכבידה חזק מאוד כך ששום דבר, אפילו אור, לא יכול לברוח ממנו. [S] חור שחור הוא תופעה אסטרופיזיקלית שקשורה לקריסת כוכבים מסיביים ולמרחב-זמן, אבל גם משפיעה על גלקסיות שלמות דרך אינטראקציות מורכבות עם חומר ואנרגיה בסביבה שלו.",0.3,0.59,0.5770699977874756
"[Q] מהו חור שחור ומה מאפייניו? [T] חור שחור הוא אזור בחלל שבו כוח הכבידה חזק מאוד כך ששום דבר, אפילו אור, לא יכול לברוח ממנו. [S] חור שחור הוא מקום שמושך הכל וגם קשור ליקום ולזמן ולחיים ביקום ולכל מיני דברים שלא תמיד ברור איך הם עובדים אבל הם משפיעים על המציאות בצורה כלשהי.",0.2,0.3,0.41365545988082886
"[Q] כיצד פועל תהליך האבולוציה לפי ברירה טבעית? [T] אבולוציה מתרחשת כאשר תכונות מועילות מאפשרות הישרדות ורבייה, ולכן הן נפוצות יותר בדורות הבאים. [S] ברירה טבעית גורמת לכך שאורגניזמים עם תכונות מתאימות שורדים ומעבירים אותן לצאצאים.",1.0,0.31,0.827742874622345
"[Q] כיצד פועל תהליך האבולוציה לפי ברירה טבעית? [T] אבולוציה מתרחשת כאשר תכונות מועילות מאפשרות הישרדות ורבייה, ולכן הן נפוצות יותר בדורות הבאים. [S] יצורים משתנים עם הזמן.",0.6,0.0,0.1965489685535431
"[Q] כיצד פועל תהליך האבולוציה לפי ברירה טבעית? [T] אבולוציה מתרחשת כאשר תכונות מועילות מאפשרות הישרדות ורבייה, ולכן הן נפוצות יותר בדורות הבאים. [S] אבולוציה היא תהליך ביולוגי מורכב הכולל מוטציות גנטיות, סלקציה טבעית, לחץ סביבתי ושינויים הדרגתיים במבנה האוכלוסיות לאורך מיליוני שנים, מה שמוביל להיווצרות מינים חדשים.",0.3,0.0,0.7502678036689758
"[Q] כיצד פועל תהליך האבולוציה לפי ברירה טבעית? [T] אבולוציה מתרחשת כאשר תכונות מועילות מאפשרות הישרדות ורבייה, ולכן הן נפוצות יותר בדורות הבאים. [S] אבולוציה היא משהו בטבע שקורה בגלל הרבה גורמים שונים כמו מזג אוויר, מזל, תנאים משתנים, וגם דברים שלא תמיד קשורים ישירות לגנטיקה ולכן קשה להסביר אותה בצורה מדויקת מאוד.",0.2,0.0,0.3341558575630188
"[Q] מהי מערכת החיסון ומה תפקידה? [T] מערכת החיסון מגנה על הגוף מפני חיידקים, נגיפים וגורמים זרים באמצעות זיהוי והשמדה שלהם. [S] מערכת החיסון מגנה על הגוף מפני מחלות ופתוגנים.",1.0,0.71,0.8980566263198853
"[Q] מהי מערכת החיסון ומה תפקידה? [T] מערכת החיסון מגנה על הגוף מפני חיידקים, נגיפים וגורמים זרים באמצעות זיהוי והשמדה שלהם. [S] הגוף נלחם במחלות.",0.6,0.0,0.12135038524866104
"[Q] מהי מערכת החיסון ומה תפקידה? [T] מערכת החיסון מגנה על הגוף מפני חיידקים, נגיפים וגורמים זרים באמצעות זיהוי והשמדה שלהם. [S] מערכת החיסון היא מערכת מורכבת מאוד הכוללת תאים, חלבונים, נוגדנים ותהליכים ביוכימיים שונים שמתקשרים ביניהם כדי לזהות איומים חיצוניים ופנימיים, אבל גם לפעמים מגיבה בצורה מוגזמת או לא צפויה ולכן היא מערכת דינמית מאוד שקשה לחזות במדויק.",0.3,0.41,0.5906344056129456
"[Q] מהי מערכת החיסון ומה תפקידה? [T] מערכת החיסון מגנה על הגוף מפני חיידקים, נגיפים וגורמים זרים באמצעות זיהוי והשמדה שלהם. [S] מערכת החיסון היא משהו בגוף שמגן עלינו אבל גם קשור להרבה מערכות אחרות כמו עצבים והורמונים ולפעמים היא מושפעת גם מרגשות ומתח נפשי ולכן היא לא רק מערכת פיזית אלא חלק ממכלול רחב של הגוף והנפש.",0.2,0.82,0.44317570328712463
[Q] כיצד פועל שוק היצע וביקוש? [T] מחיר נקבע לפי איזון בין כמות המוצרים שמוצעים לבין כמות הביקוש של הצרכנים. [S] מחיר בשוק נקבע לפי היצע וביקוש.,1.0,0.66,0.4914223253726959
[Q] כיצד פועל שוק היצע וביקוש? [T] מחיר נקבע לפי איזון בין כמות המוצרים שמוצעים לבין כמות הביקוש של הצרכנים. [S] יש שוק עם מחירים.,0.6,0.33,0.18539346754550934
"[Q] כיצד פועל שוק היצע וביקוש? [T] מחיר נקבע לפי איזון בין כמות המוצרים שמוצעים לבין כמות הביקוש של הצרכנים. [S] שוק היצע וביקוש הוא מערכת כלכלית מורכבת שבה גורמים רבים כמו פסיכולוגיית צרכנים, רגולציה ממשלתית, שינויים גלובליים וטכנולוגיים משפיעים על מחירים ועל הקצאת משאבים, ולכן הוא לא רק מנגנון פשוט אלא מערכת דינמית מאוד.",0.3,0.69,0.4011630713939667
"[Q] כיצד פועל שוק היצע וביקוש? [T] מחיר נקבע לפי איזון בין כמות המוצרים שמוצעים לבין כמות הביקוש של הצרכנים. [S] שוק הוא מקום שבו אנשים קונים ומוכרים דברים אבל גם מושפע מהרבה דברים כמו רגשות, טרנדים, ומזג אוויר ולכן המחירים יכולים להשתנות בלי קשר ישיר להיצע וביקוש בלבד.",0.2,0.62,0.3095247447490692
[Q] כיצד פועל זיכרון RAM במחשב? [T] זיכרון RAM הוא זיכרון זמני ומהיר שבו המחשב משתמש כדי להריץ תוכניות ונתונים פעילים בזמן עבודה. [S] RAM הוא זיכרון עבודה זמני ומהיר שבו המחשב שומר נתונים של תוכנות פעילות בזמן ריצה.,1.0,0.7,0.5296693444252014
[Q] כיצד פועל זיכרון RAM במחשב? [T] זיכרון RAM הוא זיכרון זמני ומהיר שבו המחשב משתמש כדי להריץ תוכניות ונתונים פעילים בזמן עבודה. [S] RAM הוא זיכרון במחשב.,0.6,0.63,0.12477657198905945
"[Q] כיצד פועל זיכרון RAM במחשב? [T] זיכרון RAM הוא זיכרון זמני ומהיר שבו המחשב משתמש כדי להריץ תוכניות ונתונים פעילים בזמן עבודה. [S] RAM הוא חלק ממחשב שמאפשר פעולות שונות דרך מערכת מורכבת של העברת נתונים בין רכיבי חומרה, מעבד, דיסק קשיח ומערכת הפעלה, תוך שימוש במנגנונים של הקצאת זיכרון דינמית.",0.4,0.64,0.43141329288482666
"[Q] כיצד פועל זיכרון RAM במחשב? [T] זיכרון RAM הוא זיכרון זמני ומהיר שבו המחשב משתמש כדי להריץ תוכניות ונתונים פעילים בזמן עבודה. [S] RAM הוא מושג כללי שמייצג סוג של טכנולוגיית מחשוב שקשורה לאחסון מידע זמני אבל גם קבוע לפעמים, והוא חלק ממערכת גדולה של עיבוד נתונים שמערבת הרבה שכבות של תוכנה וחומרה שמתקשרות ביניהן בצורה לא תמיד ברורה.",0.3,0.29,0.31589990854263306
[Q] כיצד פועל זיכרון RAM במחשב? [T] זיכרון RAM הוא זיכרון זמני ומהיר שבו המחשב משתמש כדי להריץ תוכניות ונתונים פעילים בזמן עבודה. [S] RAM הוא משהו במחשב שמחזיק מידע אבל גם קשור לדיסק הקשיח ולמערכת ההפעלה ולפעמים שומר דברים גם אחרי כיבוי המחשב תלוי במצב וזה חלק ממערכת מורכבת מאוד של ניהול זיכרון.,0.2,0.68,0.26947924494743347
[Q] מהו אלגוריתם חיפוש בינארי? [T] חיפוש בינארי הוא שיטה למציאת ערך ברשימה ממוינת על ידי חלוקה חוזרת של הטווח לחצי. [S] חיפוש בינארי מחלק רשימה ממוינת לחצי בכל צעד כדי למצוא ערך מהר יותר.,1.0,0.73,1.0517218112945557
[Q] מהו אלגוריתם חיפוש בינארי? [T] חיפוש בינארי הוא שיטה למציאת ערך ברשימה ממוינת על ידי חלוקה חוזרת של הטווח לחצי. [S] חיפוש בינארי הוא שיטה לחיפוש נתונים.,0.6,0.67,0.09451331198215485
"[Q] מהו אלגוריתם חיפוש בינארי? [T] חיפוש בינארי הוא שיטה למציאת ערך ברשימה ממוינת על ידי חלוקה חוזרת של הטווח לחצי. [S] חיפוש בינארי הוא אלגוריתם שמבוסס על רעיון של חלוקה איטרטיבית של מרחב החיפוש, שימוש באינדקסים, השוואות ביניים ומבני נתונים מסודרים כדי לצמצם את זמן הריצה של חיפוש במערכות גדולות.",0.4,0.84,0.9727453589439392
[Q] מהו אלגוריתם חיפוש בינארי? [T] חיפוש בינארי הוא שיטה למציאת ערך ברשימה ממוינת על ידי חלוקה חוזרת של הטווח לחצי. [S] חיפוש בינארי הוא אלגוריתם שמנסה למצוא ערכים בצורה חכמה אבל גם יכול לעבוד על רשימות לא ממוינות לפעמים אם משלבים אותו עם שיטות אחרות והוא חלק ממערכות חיפוש מורכבות.,0.3,0.91,0.5805566310882568
[Q] מהו אלגוריתם חיפוש בינארי? [T] חיפוש בינארי הוא שיטה למציאת ערך ברשימה ממוינת על ידי חלוקה חוזרת של הטווח לחצי. [S] חיפוש בינארי זה משהו שמחשב עושה כדי לחפש דברים אבל גם קשור לאינטרנט ולמסדי נתונים ולפעמים עובד גם בלי סדר מסוים כי המחשב יודע לנחש את המיקום של המידע.,0.2,0.69,0.33609306812286377
[Q] מהי מערכת הפעלה? [T] מערכת הפעלה היא תוכנה שמנהלת את החומרה והתוכנות במחשב ומאפשרת להריץ יישומים. [S] מערכת הפעלה מנהלת את המחשב ומאפשרת להריץ תוכנות.,1.0,0.75,1.0097103118896484
[Q] מהי מערכת הפעלה? [T] מערכת הפעלה היא תוכנה שמנהלת את החומרה והתוכנות במחשב ומאפשרת להריץ יישומים. [S] מערכת הפעלה היא תוכנה במחשב.,0.6,0.76,0.09089423716068268
"[Q] מהי מערכת הפעלה? [T] מערכת הפעלה היא תוכנה שמנהלת את החומרה והתוכנות במחשב ומאפשרת להריץ יישומים. [S] מערכת הפעלה היא שכבה מורכבת שמחברת בין חומרה, דרייברים, תהליכים, קבצים, אבטחה וניהול משאבים, תוך תזמון משימות והקצאת זיכרון בצורה דינמית.",0.4,0.57,0.8363564014434814
"[Q] מהי מערכת הפעלה? [T] מערכת הפעלה היא תוכנה שמנהלת את החומרה והתוכנות במחשב ומאפשרת להריץ יישומים. [S] מערכת הפעלה היא מערכת שמחברת בין כל חלקי המחשב אבל גם קשורה לאינטרנט, לאפליקציות ולמשתמשים ולפעמים היא גם אחראית על איך המחשב מרגיש ומהירות העבודה שלו בצורה כללית ולא מדויקת.",0.2,0.71,0.42067664861679077
"[Q] מהו תא בתיאוריה הביולוגית? [T] תא הוא היחידה הבסיסית של כל יצור חי, והוא כולל ממברנה, ציטופלזמה וחומר גנטי. [S] תא הוא יחידת החיים הבסיסית שמרכיבה את כל היצורים החיים וכוללת מבנים כמו ממברנה וחומר גנטי.",1.0,0.98,1.0365959405899048
"[Q] מהו תא בתיאוריה הביולוגית? [T] תא הוא היחידה הבסיסית של כל יצור חי, והוא כולל ממברנה, ציטופלזמה וחומר גנטי. [S] תא הוא יחידה של חיים.",0.6,0.74,0.5301917195320129
"[Q] מהו תא בתיאוריה הביולוגית? [T] תא הוא היחידה הבסיסית של כל יצור חי, והוא כולל ממברנה, ציטופלזמה וחומר גנטי. [S] תא הוא מבנה ביולוגי שמוגדר כמערכת סגורה למחצה שבה מתבצעים תהליכים מטבוליים מורכבים, אינטראקציות בין אברונים, ויסות הומאוסטטי ותהליכי שכפול גנטי, והוא חלק ממערכת היררכית של רקמות ואיברים.",0.4,0.35,0.638456404209137
"[Q] מהו תא בתיאוריה הביולוגית? [T] תא הוא היחידה הבסיסית של כל יצור חי, והוא כולל ממברנה, ציטופלזמה וחומר גנטי. [S] תא הוא משהו קטן מאוד בגוף שמחובר למערכות אחרות כמו עצבים, דם והורמונים ויכול להשתנות לפי הסביבה וגם לפעמים מתנהג כמו יחידה עצמאית אבל גם כחלק ממערכת גדולה יותר.",0.3,0.77,0.45945876836776733
"[Q] מהו תא בתיאוריה הביולוגית? [T] תא הוא היחידה הבסיסית של כל יצור חי, והוא כולל ממברנה, ציטופלזמה וחומר גנטי. [S] תא הוא חלק בגוף שמכיל כל מיני דברים ביולוגיים אבל גם קשור לרגשות, למחשבות ולבריאות כללית של האדם ולכן הוא לא רק יחידה פיזית אלא חלק ממערכת חיים מורכבת מאוד.",0.2,0.81,0.535330593585968
[Q] מהי מולקולה? [T] מולקולה היא קבוצה של אטומים הקשורים זה לזה בקשר כימי. [S] מולקולה היא אוסף של אטומים המחוברים בקשרים כימיים.,1.0,0.95,1.0853701829910278
[Q] מהי מולקולה? [T] מולקולה היא קבוצה של אטומים הקשורים זה לזה בקשר כימי. [S] מולקולה היא חלקיק קטן.,0.6,0.38,0.07070503383874893
"[Q] מהי מולקולה? [T] מולקולה היא קבוצה של אטומים הקשורים זה לזה בקשר כימי. [S] מולקולה היא מבנה כימי שמורכב מאטומים שונים שמתקשרים זה עם זה באמצעות קשרים קוולנטיים, יוניים או אחרים, ויוצרים מערכות בעלות תכונות פיזיקליות וכימיות ייחודיות.",0.4,0.94,0.9996876120567322
"[Q] מהי מולקולה? [T] מולקולה היא קבוצה של אטומים הקשורים זה לזה בקשר כימי. [S] מולקולה היא משהו שמרכיב חומרים בעולם אבל גם קשור לאנרגיה, חום ותהליכים בטבע בצורה כללית מאוד ולא תמיד ניתן להגדיר אותה בצורה מדויקת.",0.3,0.65,0.4305044412612915
[Q] מהי מולקולה? [T] מולקולה היא קבוצה של אטומים הקשורים זה לזה בקשר כימי. [S] מולקולה היא חלק מהחומר אבל גם חלק ממערכות גדולות בטבע ולכן היא לא רק מבנה קטן אלא גם מושג רחב שמשפיע על כל מה שקיים ביקום.,0.2,0.58,0.5114368200302124
[Q] מהי תגובה כימית? [T] תגובה כימית היא תהליך שבו חומרים הופכים לחומרים חדשים באמצעות שבירה ויצירה של קשרים כימיים. [S] תגובה כימית היא תהליך שבו חומרים משתנים לחומרים חדשים.,1.0,0.9,0.8952734470367432
[Q] מהי תגובה כימית? [T] תגובה כימית היא תהליך שבו חומרים הופכים לחומרים חדשים באמצעות שבירה ויצירה של קשרים כימיים. [S] יש שינוי בחומרים.,0.6,0.31,0.3435622751712799
"[Q] מהי תגובה כימית? [T] תגובה כימית היא תהליך שבו חומרים הופכים לחומרים חדשים באמצעות שבירה ויצירה של קשרים כימיים. [S] תגובה כימית היא תהליך פיזיקלי-כימי מורכב שבו מולקולות עוברות סידור מחדש של קשרים, שינוי אנרגטי, יצירת תוצרים חדשים ושחרור או קליטת אנרגיה בהתאם לחוקי התרמודינמיקה והקינטיקה הכימית.",0.4,0.69,1.0423567295074463
"[Q] מהי תגובה כימית? [T] תגובה כימית היא תהליך שבו חומרים הופכים לחומרים חדשים באמצעות שבירה ויצירה של קשרים כימיים. [S] תגובה כימית היא משהו שקורה בטבע אבל גם קשור לאנרגיה, חום, אור וכל מיני תהליכים שלא תמיד אפשר למדוד בצורה מדויקת ולכן היא חלק ממערכת גדולה של שינויים בעולם.",0.2,0.66,0.42256760597229004
"[Q] מהי פוטוסינתזה? [T] פוטוסינתזה היא תהליך שבו צמחים משתמשים באור, מים ופחמן דו-חמצני ליצירת גלוקוז וחמצן. [S] צמחים מייצרים מזון בעזרת אור שמש, מים ופחמן דו-חמצני ומשחררים חמצן.",1.0,0.67,1.0286219120025635
"[Q] מהי פוטוסינתזה? [T] פוטוסינתזה היא תהליך שבו צמחים משתמשים באור, מים ופחמן דו-חמצני ליצירת גלוקוז וחמצן. [S] צמחים משתמשים באור שמש כדי לייצר מזון.",0.8,0.42,0.7683067917823792
"[Q] מהי פוטוסינתזה? [T] פוטוסינתזה היא תהליך שבו צמחים משתמשים באור, מים ופחמן דו-חמצני ליצירת גלוקוז וחמצן. [S] צמחים צריכים שמש כדי לגדול.",0.5,0.42,0.2410217970609665
"[Q] מהי פוטוסינתזה? [T] פוטוסינתזה היא תהליך שבו צמחים משתמשים באור, מים ופחמן דו-חמצני ליצירת גלוקוז וחמצן. [S] צמחים קשורים לאור שמש.",0.3,0.42,0.1225506141781807
"[Q] מהי פוטוסינתזה? [T] פוטוסינתזה היא תהליך שבו צמחים משתמשים באור, מים ופחמן דו-חמצני ליצירת גלוקוז וחמצן. [S] צמחים קיימים בטבע.",0.2,0.42,0.059228796511888504
"[Q] מהי מערכת הדם? [T] מערכת הדם כוללת לב, כלי דם ודם ומעבירה חמצן וחומרים מזינים בגוף. [S] מערכת הדם מעבירה חמצן וחומרים מזינים דרך הלב וכלי הדם לכל הגוף.",1.0,0.83,1.0328583717346191
"[Q] מהי מערכת הדם? [T] מערכת הדם כוללת לב, כלי דם ודם ומעבירה חמצן וחומרים מזינים בגוף. [S] מערכת הדם מעבירה חומרים בגוף.",0.7,0.4,0.7914610505104065
"[Q] מהי מערכת הדם? [T] מערכת הדם כוללת לב, כלי דם ודם ומעבירה חמצן וחומרים מזינים בגוף. [S] מערכת הדם קשורה ללב.",0.5,0.52,0.17244943976402283
"[Q] מהי מערכת הדם? [T] מערכת הדם כוללת לב, כלי דם ודם ומעבירה חמצן וחומרים מזינים בגוף. [S] יש מערכת בגוף.",0.3,0.22,0.031167736276984215
"[Q] מהי מערכת הדם? [T] מערכת הדם כוללת לב, כלי דם ודם ומעבירה חמצן וחומרים מזינים בגוף. [S] גוף האדם עובד.",0.2,0.01,0.04056829959154129
[Q] מהי מולקולה? [T] מולקולה היא קבוצה של אטומים הקשורים בקשר כימי. [S] מולקולה היא קבוצת אטומים המחוברים בקשר כימי.,1.0,1.0,1.0728929042816162
[Q] מהי מולקולה? [T] מולקולה היא קבוצה של אטומים הקשורים בקשר כימי. [S] מולקולה היא חלקיק קטן שמרכיב חומר.,0.8,0.54,0.10774601995944977
[Q] מהי מולקולה? [T] מולקולה היא קבוצה של אטומים הקשורים בקשר כימי. [S] מולקולה היא משהו מאוד קטן.,0.5,0.54,0.16114623844623566
[Q] מהי מולקולה? [T] מולקולה היא קבוצה של אטומים הקשורים בקשר כימי. [S] יש דברים קטנים בטבע.,0.3,0.0,0.20666176080703735
[Q] מהי מולקולה? [T] מולקולה היא קבוצה של אטומים הקשורים בקשר כימי. [S] יש חומר בעולם.,0.2,0.0,0.006686864886432886
[Q] מהי מערכת הפעלה? [T] מערכת הפעלה היא תוכנה שמנהלת את החומרה והתוכנות במחשב. [S] מערכת הפעלה מנהלת את המחשב ומריצה תוכנות.,1.0,0.91,1.0098903179168701
[Q] מהי מערכת הפעלה? [T] מערכת הפעלה היא תוכנה שמנהלת את החומרה והתוכנות במחשב. [S] מערכת הפעלה מריצה תוכנות.,0.8,0.94,0.23554810881614685
[Q] מהי מערכת הפעלה? [T] מערכת הפעלה היא תוכנה שמנהלת את החומרה והתוכנות במחשב. [S] מערכת הפעלה היא תוכנה במחשב.,0.5,0.92,0.1415565013885498
[Q] מהי מערכת הפעלה? [T] מערכת הפעלה היא תוכנה שמנהלת את החומרה והתוכנות במחשב. [S] יש תוכנה במחשב.,0.3,0.3,0.11870738118886948
[Q] מהי מערכת הפעלה? [T] מערכת הפעלה היא תוכנה שמנהלת את החומרה והתוכנות במחשב. [S] יש מחשב.,0.2,0.01,0.02146294340491295
[Q] מהו חוק ניוטון הראשון? [T] גוף יישאר במנוחה או בתנועה קבועה בקו ישר אלא אם פועל עליו כוח חיצוני. [S] חוק ניוטון הראשון קובע שגוף נשאר במנוחה או נע במהירות קבועה אלא אם פועל עליו כוח חיצוני.,1.0,0.96,1.0036017894744873
[Q] מהו חוק ניוטון הראשון? [T] גוף יישאר במנוחה או בתנועה קבועה בקו ישר אלא אם פועל עליו כוח חיצוני. [S] גוף ממשיך לנוע.,0.6,0.27,0.10562636703252792
[Q] מהו חוק ניוטון הראשון? [T] גוף יישאר במנוחה או בתנועה קבועה בקו ישר אלא אם פועל עליו כוח חיצוני. [S] יש תנועה בעולם שמושפעת מכוחות שונים אבל גם תלויה במהירות התחלתית ובחיכוך ובמסה ולכן קשה להגדיר מצב מדויק של מנוחה או תנועה בכל מערכת פיזיקלית מורכבת.,0.3,0.23,0.513767659664154
"[Q] מהו חוק ניוטון הראשון? [T] גוף יישאר במנוחה או בתנועה קבועה בקו ישר אלא אם פועל עליו כוח חיצוני. [S] חוק ניוטון הראשון אומר שכל דבר ביקום נמצא בתנועה מתמדת או במנוחה יחסית אבל גם מושפע מכוחות קוסמיים, אנרגיה אפלה, שדות מגנטיים ותופעות שלא תמיד ניתן למדוד ולכן החוק הוא רק חלק מתמונה רחבה יותר של המציאות.",0.2,0.73,0.5821961164474487
[Q] מהו אטום? [T] אטום הוא החלקיק הבסיסי של יסוד כימי המורכב מגרעין ואלקטרונים. [S] אטום הוא יחידת היסוד של חומר המורכבת מגרעין ואלקטרונים.,1.0,0.96,1.0318727493286133
[Q] מהו אטום? [T] אטום הוא החלקיק הבסיסי של יסוד כימי המורכב מגרעין ואלקטרונים. [S] אטום הוא חלקיק קטן שמרכיב חומר.,0.7,0.97,0.21271048486232758
"[Q] מהו אטום? [T] אטום הוא החלקיק הבסיסי של יסוד כימי המורכב מגרעין ואלקטרונים. [S] אטום הוא מושג בפיזיקה וכימיה שמתאר מבנה מורכב של חלקיקים תת-אטומיים, אינטראקציות קוונטיות, רמות אנרגיה ודינמיקה של אלקטרונים סביב גרעין, כאשר כל זה מהווה בסיס להבנת חומר ביקום.",0.3,0.94,0.956299364566803
"[Q] מהו אטום? [T] אטום הוא החלקיק הבסיסי של יסוד כימי המורכב מגרעין ואלקטרונים. [S] אטום הוא משהו שמרכיב את כל היקום אבל גם קשור לאנרגיה, זמן, תודעה ותהליכים שלא תמיד ניתנים להסבר מדויק ולכן הוא יותר רעיון מאשר חלקיק ממשי.",0.2,0.97,0.34870579838752747
[Q] מהו אלגוריתם מיון? [T] אלגוריתם מיון מסדר נתונים לפי סדר מסוים כמו מספרים מהקטן לגדול. [S] אלגוריתם מיון מסדר רשימות של נתונים לפי סדר עולה או יורד.,1.0,1.0,1.0303541421890259
[Q] מהו אלגוריתם מיון? [T] אלגוריתם מיון מסדר נתונים לפי סדר מסוים כמו מספרים מהקטן לגדול. [S] אלגוריתם שמסדר נתונים.,0.6,0.93,0.14511486887931824
"[Q] מהו אלגוריתם מיון? [T] אלגוריתם מיון מסדר נתונים לפי סדר מסוים כמו מספרים מהקטן לגדול. [S] אלגוריתם מיון הוא תהליך חישובי שמבצע השוואות חוזרות בין איברים במבנה נתונים, משתמש בזיכרון עזר, רקורסיה או איטרציה, ומטרתו לייעל גישה לנתונים במערכות גדולות תוך שמירה על סיבוכיות זמן אופטימלית ככל האפשר.",0.3,0.61,0.8020440340042114
"[Q] מהו אלגוריתם מיון? [T] אלגוריתם מיון מסדר נתונים לפי סדר מסוים כמו מספרים מהקטן לגדול. [S] אלגוריתם מיון הוא רעיון כללי במחשבים שמסביר איך מחשב מסדר דברים אבל גם קשור לאינטרנט, לשרתים ולמערכות הפעלה ולכן הוא לא רק פעולה אחת אלא חלק ממערכת גדולה של עיבוד מידע.",0.2,0.9,0.4661390781402588
[Q] מהי אנרגיה קינטית? [T] אנרגיה קינטית היא אנרגיית התנועה של גוף הנובעת מהמהירות והמסה שלו. [S] אנרגיה קינטית היא אנרגיית תנועה של גוף בהתאם למהירות ולמסה שלו.,1.0,0.98,1.0613830089569092
[Q] מהי אנרגיה קינטית? [T] אנרגיה קינטית היא אנרגיית התנועה של גוף הנובעת מהמהירות והמסה שלו. [S] אנרגיה של תנועה.,0.7,0.68,0.3535342812538147
"[Q] מהי אנרגיה קינטית? [T] אנרגיה קינטית היא אנרגיית התנועה של גוף הנובעת מהמהירות והמסה שלו. [S] אנרגיה קינטית היא מושג בפיזיקה המתאר מעבר אנרגיה בין מערכות שונות, המרות בין פוטנציאל לקינטי, השפעות של כוח וחיכוך, ותהליכים תרמודינמיים מורכבים שבהם אנרגיה נשמרת אך משנה צורה בהתאם לחוקי שימור.",0.3,0.49,0.730169951915741
"[Q] מהי אנרגיה קינטית? [T] אנרגיה קינטית היא אנרגיית התנועה של גוף הנובעת מהמהירות והמסה שלו. [S] אנרגיה קינטית היא משהו שקשור לתנועה ולחיים וליקום בכלל אבל גם משפיע על מחשבות, רגשות ותהליכים טבעיים בצורה רחבה ולא תמיד ניתן למדוד אותה בצורה מדויקת.",0.2,0.67,0.605446994304657
"[Q] מהו נהר האמזונס ומה חשיבותו? [T] נהר האמזונס הוא הנהר הגדול בעולם מבחינת נפח מים והוא זורם בדרום אמריקה. [S] נהר האמזונס הוא הנהר הגדול בעולם מבחינת זרימת מים, עובר דרך דרום אמריקה ותורם למערכת אקולוגית עשירה מאוד.",1.0,0.96,1.0276622772216797
[Q] מהו נהר האמזונס ומה חשיבותו? [T] נהר האמזונס הוא הנהר הגדול בעולם מבחינת נפח מים והוא זורם בדרום אמריקה. [S] האמזונס הוא נהר גדול בדרום אמריקה.,0.6,0.66,0.7388932704925537
[Q] מהו נהר האמזונס ומה חשיבותו? [T] נהר האמזונס הוא הנהר הגדול בעולם מבחינת נפח מים והוא זורם בדרום אמריקה. [S] נהר גדול מאוד עם הרבה מים.,0.4,0.61,0.7569296956062317
[Q] מהו נהר האמזונס ומה חשיבותו? [T] נהר האמזונס הוא הנהר הגדול בעולם מבחינת נפח מים והוא זורם בדרום אמריקה. [S] יש נהר בדרום אמריקה שעובר בג’ונגלים ומים בו זורמים אבל גם קשור לאקלים וליערות ולחיות רבות ולכן הוא חלק ממערכת טבעית גדולה מאוד שמשפיעה על העולם כולו.,0.3,0.72,0.7476369142532349
"[Q] מהו נהר האמזונס ומה חשיבותו? [T] נהר האמזונס הוא הנהר הגדול בעולם מבחינת נפח מים והוא זורם בדרום אמריקה. [S] נהר האמזונס הוא משהו בטבע שמחבר מים, יערות, אקלים ומערכות סביבתיות שונות אבל גם משפיע על כל כדור הארץ דרך תהליכים אקלימיים ואנרגטיים שלא תמיד מובנים עד הסוף.",0.2,0.86,0.659080982208252
"[Q] מהו אקלים מדברי ומה מאפייניו? [T] אקלים מדברי מאופיין בכמות משקעים נמוכה מאוד, טמפרטורות קיצוניות והבדלי טמפרטורה בין יום ללילה. [S] אקלים מדברי הוא אזור עם מעט מאוד גשם, חום גבוה ביום וקור בלילה.",1.0,0.66,1.0099523067474365
"[Q] מהו אקלים מדברי ומה מאפייניו? [T] אקלים מדברי מאופיין בכמות משקעים נמוכה מאוד, טמפרטורות קיצוניות והבדלי טמפרטורה בין יום ללילה. [S] במדבר יש חום.",0.5,0.17,0.1477266103029251
"[Q] מהו אקלים מדברי ומה מאפייניו? [T] אקלים מדברי מאופיין בכמות משקעים נמוכה מאוד, טמפרטורות קיצוניות והבדלי טמפרטורה בין יום ללילה. [S] אקלים מדברי הוא מערכת אקלימית מורכבת שמושפעת מרוחות, לחץ אטמוספרי, זרמי אוויר, קרינה סולארית ושינויים גלובליים שגורמים לדפוסי יובש קיצוניים לאורך זמן באזורים שונים בעולם.",0.3,0.56,0.9565065503120422
"[Q] מהו אקלים מדברי ומה מאפייניו? [T] אקלים מדברי מאופיין בכמות משקעים נמוכה מאוד, טמפרטורות קיצוניות והבדלי טמפרטורה בין יום ללילה. [S] מדבר הוא מקום יבש מאוד אבל גם קשור לאקלים העולמי, לזרמי אוויר ולשינויים בכדור הארץ ולכן הוא חלק ממערכת גדולה שמשפיעה על מזג האוויר בעולם כולו.",0.2,0.52,0.7139114141464233
[Q] מהו קו המשווה ומה חשיבותו? [T] קו המשווה הוא קו דמיוני שמחלק את כדור הארץ לצפון ודרום ומשפיע על אקלים ואור שמש. [S] קו המשווה מחלק את כדור הארץ לשני חצאים ומשפיע על אקלים וחלוקת אור שמש.,1.0,0.92,1.0145670175552368
[Q] מהו קו המשווה ומה חשיבותו? [T] קו המשווה הוא קו דמיוני שמחלק את כדור הארץ לצפון ודרום ומשפיע על אקלים ואור שמש. [S] זה קו באמצע כדור הארץ.,0.6,0.85,0.7499207258224487
"[Q] מהו קו המשווה ומה חשיבותו? [T] קו המשווה הוא קו דמיוני שמחלק את כדור הארץ לצפון ודרום ומשפיע על אקלים ואור שמש. [S] קו המשווה הוא מושג גאוגרפי שמגדיר חלוקה גיאודטית של כדור הארץ ומשמש כבסיס לחישובי קואורדינטות, אזורי אקלים, זוויות קרינה סולארית והשפעות אקלימיות גלובליות במודלים מטאורולוגיים מורכבים.",0.3,0.85,1.02912175655365
"[Q] מהו קו המשווה ומה חשיבותו? [T] קו המשווה הוא קו דמיוני שמחלק את כדור הארץ לצפון ודרום ומשפיע על אקלים ואור שמש. [S] קו המשווה הוא חלק מכדור הארץ אבל גם קשור לחלל, לכוכבים ולמערכות גדולות של היקום שמשפיעות על איך מזג האוויר מתנהג ועל תנועת כדור הארץ.",0.2,0.8,0.713630199432373
"[Q] מהו נהר הנילוס ומה חשיבותו? [T] נהר הנילוס הוא אחד הנהרות הארוכים בעולם והוא זורם בצפון מזרח אפריקה ומשמש מקור מים מרכזי למדינות רבות. [S] נהר הנילוס הוא נהר ארוך מאוד באפריקה המספק מים לחקלאות, שתייה והתיישבות לאורך אזור רחב.",1.0,0.84,0.9726492166519165
[Q] מהו נהר הנילוס ומה חשיבותו? [T] נהר הנילוס הוא אחד הנהרות הארוכים בעולם והוא זורם בצפון מזרח אפריקה ומשמש מקור מים מרכזי למדינות רבות. [S] הנילוס הוא נהר גדול באפריקה.,0.6,0.63,0.6359350085258484
[Q] מהו נהר הנילוס ומה חשיבותו? [T] נהר הנילוס הוא אחד הנהרות הארוכים בעולם והוא זורם בצפון מזרח אפריקה ומשמש מקור מים מרכזי למדינות רבות. [S] נהר שמספק מים לאזורים שונים ומשפיע על חיי אנשים.,0.4,0.74,0.8427192568778992
"[Q] מהו נהר הנילוס ומה חשיבותו? [T] נהר הנילוס הוא אחד הנהרות הארוכים בעולם והוא זורם בצפון מזרח אפריקה ומשמש מקור מים מרכזי למדינות רבות. [S] יש נהר באפריקה שזורם דרך מדינות שונות ומשפיע על התפתחות אזורים מיושבים, חקלאות, אקלים מקומי ודפוסי התיישבות לאורך ההיסטוריה.",0.3,0.57,0.9002273082733154
"[Q] מהו נהר הנילוס ומה חשיבותו? [T] נהר הנילוס הוא אחד הנהרות הארוכים בעולם והוא זורם בצפון מזרח אפריקה ומשמש מקור מים מרכזי למדינות רבות. [S] נהר הנילוס הוא מערכת הידרולוגית מורכבת שמשפיעה על אגן ניקוז רחב, אקולוגיה אזורית, זרימת משקעים, ופיתוח תרבויות לאורך זמן אך גם קשור לתהליכים גלובליים של שינויי אקלים ומערכות מים עולמיות.",0.2,0.83,0.820164144039154
[Q] מהו אקלים טרופי ומה מאפייניו? [T] אקלים טרופי מאופיין בטמפרטורות גבוהות לאורך כל השנה ובכמות משקעים גבוהה יחסית. [S] אקלים טרופי הוא אזור חם ולח עם הרבה גשם לאורך השנה.,1.0,0.73,0.8850452303886414
[Q] מהו אקלים טרופי ומה מאפייניו? [T] אקלים טרופי מאופיין בטמפרטורות גבוהות לאורך כל השנה ובכמות משקעים גבוהה יחסית. [S] באזור טרופי חם ויש הרבה גשם.,0.6,0.16,0.541581392288208
[Q] מהו אקלים טרופי ומה מאפייניו? [T] אקלים טרופי מאופיין בטמפרטורות גבוהות לאורך כל השנה ובכמות משקעים גבוהה יחסית. [S] אזור שבו מזג האוויר חם וגשום.,0.4,0.0,0.3230207860469818
"[Q] מהו אקלים טרופי ומה מאפייניו? [T] אקלים טרופי מאופיין בטמפרטורות גבוהות לאורך כל השנה ובכמות משקעים גבוהה יחסית. [S] אקלים טרופי הוא סוג של מערכת אקלימית המושפעת מזרמי אוויר בין-טרופיים, קרינת שמש ישירה, לחות גבוהה ודינמיקות אטמוספריות מורכבות היוצרות מערכות אקולוגיות עשירות אך גם תנאי מזג אוויר קיצוניים לעיתים.",0.3,0.42,0.8413460850715637
"[Q] מהו אקלים טרופי ומה מאפייניו? [T] אקלים טרופי מאופיין בטמפרטורות גבוהות לאורך כל השנה ובכמות משקעים גבוהה יחסית. [S] אקלים טרופי הוא חלק ממערכת כדור הארץ הכוללת חום, מים, עננים ותהליכים גלובליים שמשפיעים על מזג האוויר בכל היבשות בצורה עקיפה וישירה.",0.2,0.42,0.8035876750946045
[Q] מהו מדבר סהרה ומה מאפייניו? [T] מדבר סהרה הוא המדבר החם הגדול בעולם הנמצא בצפון אפריקה ומאופיין ביובש קיצוני. [S] מדבר סהרה הוא המדבר החם הגדול בעולם בצפון אפריקה עם תנאי יובש קיצוניים.,1.0,1.0,0.9836804270744324
[Q] מהו מדבר סהרה ומה מאפייניו? [T] מדבר סהרה הוא המדבר החם הגדול בעולם הנמצא בצפון אפריקה ומאופיין ביובש קיצוני. [S] הסהרה היא מדבר גדול וחם.,0.6,0.7,0.583793580532074
[Q] מהו מדבר סהרה ומה מאפייניו? [T] מדבר סהרה הוא המדבר החם הגדול בעולם הנמצא בצפון אפריקה ומאופיין ביובש קיצוני. [S] זה אזור יבש מאוד עם מעט גשם.,0.4,0.0,0.35389244556427
"[Q] מהו מדבר סהרה ומה מאפייניו? [T] מדבר סהרה הוא המדבר החם הגדול בעולם הנמצא בצפון אפריקה ומאופיין ביובש קיצוני. [S] מדבר סהרה הוא מערכת מדברית רחבת היקף הכוללת דיונות, רוחות סחף, תנודות טמפרטורה חדות, השפעות אקלימיות אזוריות ומנגנוני היווצרות גאולוגיים ארוכי טווח.",0.3,0.77,0.8563997745513916
"[Q] מהו מדבר סהרה ומה מאפייניו? [T] מדבר סהרה הוא המדבר החם הגדול בעולם הנמצא בצפון אפריקה ומאופיין ביובש קיצוני. [S] מדבר סהרה הוא חלק ממערכת אקלימית גלובלית שמשפיעה על זרמי אוויר, אבק אטמוספרי, דפוסי מזג אוויר עולמיים ותהליכים סביבתיים בקנה מידה גדול.",0.2,0.96,0.8614317774772644
"[Q] מהו אוקיינוס ומה חשיבותו? [T] אוקיינוס הוא גוף מים מלוח עצום המכסה חלק גדול מפני כדור הארץ ומשפיע על אקלים ומזג אוויר. [S] אוקיינוס הוא גוף מים מלוח גדול מאוד שמכסה חלקים נרחבים מכדור הארץ ומשפיע על האקלים, מזג האוויר והמערכות האקולוגיות.",1.0,0.97,1.0208829641342163
[Q] מהו אוקיינוס ומה חשיבותו? [T] אוקיינוס הוא גוף מים מלוח עצום המכסה חלק גדול מפני כדור הארץ ומשפיע על אקלים ומזג אוויר. [S] אוקיינוס הוא ים גדול מאוד.,0.6,0.29,0.3758486807346344
[Q] מהו אוקיינוס ומה חשיבותו? [T] אוקיינוס הוא גוף מים מלוח עצום המכסה חלק גדול מפני כדור הארץ ומשפיע על אקלים ומזג אוויר. [S] יש הרבה מים מלוחים בעולם.,0.4,0.26,0.7303177118301392
"[Q] מהו אוקיינוס ומה חשיבותו? [T] אוקיינוס הוא גוף מים מלוח עצום המכסה חלק גדול מפני כדור הארץ ומשפיע על אקלים ומזג אוויר. [S] אוקיינוס הוא מערכת אוקיאנית מורכבת הכוללת זרמים ימיים, מחזורי חום, השפעות אקלימיות גלובליות, ומגוון ביולוגי רחב מאוד המשפיע על כל שרשרת המזון הימית והיבשתית.",0.3,0.29,0.9746783375740051
"[Q] מהו אוקיינוס ומה חשיבותו? [T] אוקיינוס הוא גוף מים מלוח עצום המכסה חלק גדול מפני כדור הארץ ומשפיע על אקלים ומזג אוויר. [S] אוקיינוס הוא חלק ממערכת כדור הארץ הכוללת אינטראקציות בין מים, אוויר, יבשה ואקלים, ומשפיע על דפוסי מזג אוויר גלובליים, זרמי אוקיינוס ומאזן אנרגיה פלנטרי.",0.2,0.66,0.9804993867874146
"[Q] מהו הר געש ומה תהליך ההתפרצות שלו? [T] הר געש הוא פתח בקרום כדור הארץ דרכו נפלטת מגמה, אפר וגזים מתוך פנים כדור הארץ. [S] הר געש הוא פתח בקרום כדור הארץ שדרכו יוצאים לבה, גזים ואפר בזמן התפרצות.",1.0,0.9,1.0457485914230347
"[Q] מהו הר געש ומה תהליך ההתפרצות שלו? [T] הר געש הוא פתח בקרום כדור הארץ דרכו נפלטת מגמה, אפר וגזים מתוך פנים כדור הארץ. [S] הר געש הוא הר שמתפרץ.",0.6,0.5,0.07556666433811188
"[Q] מהו הר געש ומה תהליך ההתפרצות שלו? [T] הר געש הוא פתח בקרום כדור הארץ דרכו נפלטת מגמה, אפר וגזים מתוך פנים כדור הארץ. [S] יש הרים שיוצא מהם אש.",0.4,0.4,0.3268928825855255
"[Q] מהו הר געש ומה תהליך ההתפרצות שלו? [T] הר געש הוא פתח בקרום כדור הארץ דרכו נפלטת מגמה, אפר וגזים מתוך פנים כדור הארץ. [S] הר געש הוא תופעה גאולוגית הקשורה לתנועת לוחות טקטוניים, לחץ מגמטי, התכה של סלעים בעומק הקרום, ושחרור אנרגיה גאותרמית שגורמת לפליטת חומרים אל פני השטח בתהליכים דינמיים ומורכבים.",0.3,0.55,0.8444930911064148
"[Q] מהו הר געש ומה תהליך ההתפרצות שלו? [T] הר געש הוא פתח בקרום כדור הארץ דרכו נפלטת מגמה, אפר וגזים מתוך פנים כדור הארץ. [S] הר געש הוא חלק ממערכת פנימית של כדור הארץ שמושפעת מלחצים גיאולוגיים, תנועות לוחות, חום פנימי ותהליכים ארוכי טווח שמשפיעים גם על אקלים, קרקע ומערכות טבעיות אחרות.",0.2,0.53,0.8010070323944092
[Q] מהו קו רוחב ומה תפקידו במפה? [T] קווי רוחב הם קווים דמיוניים על פני כדור הארץ המשמשים למדידת מרחק צפונה או דרומה מקו המשווה. [S] קווי רוחב הם קווים דמיוניים שמודדים מיקום צפונה או דרומה על כדור הארץ.,1.0,0.82,0.9941359162330627
[Q] מהו קו רוחב ומה תפקידו במפה? [T] קווי רוחב הם קווים דמיוניים על פני כדור הארץ המשמשים למדידת מרחק צפונה או דרומה מקו המשווה. [S] קווי רוחב עוזרים למפות.,0.6,0.7,0.08949393779039383
"[Q] מהו קו רוחב ומה תפקידו במפה? [T] קווי רוחב הם קווים דמיוניים על פני כדור הארץ המשמשים למדידת מרחק צפונה או דרומה מקו המשווה. [S] קווי רוחב הם מערכת גאודטית המשמשת למיפוי כדור הארץ, חישוב קואורדינטות גיאוגרפיות, ניווט, חקר אקלים והבנת מיקומים יחסיים במרחב הגלובלי.",0.3,0.78,1.0123059749603271
"[Q] מהו קו רוחב ומה תפקידו במפה? [T] קווי רוחב הם קווים דמיוניים על פני כדור הארץ המשמשים למדידת מרחק צפונה או דרומה מקו המשווה. [S] קווי רוחב הם חלק ממערכת גלובלית שמחברת בין מיפוי, חלל, ניווט לווייני ותהליכים פיזיקליים של כדור הארץ כמו סיבוב ותנועת יבשות לאורך זמן.",0.2,0.86,0.7760871648788452
[Q] מהו אקלים ים תיכוני ומה מאפייניו? [T] אקלים ים תיכוני מאופיין בקיץ חם ויבש וחורף מתון וגשום יחסית. [S] אקלים ים תיכוני הוא אזור עם קיץ חם ויבש וחורף גשום ומתון יחסית.,1.0,0.76,0.9602077007293701
[Q] מהו אקלים ים תיכוני ומה מאפייניו? [T] אקלים ים תיכוני מאופיין בקיץ חם ויבש וחורף מתון וגשום יחסית. [S] יש קיץ חם וחורף גשום.,0.6,0.13,0.7105199098587036
"[Q] מהו אקלים ים תיכוני ומה מאפייניו? [T] אקלים ים תיכוני מאופיין בקיץ חם ויבש וחורף מתון וגשום יחסית. [S] אקלים עם מזג אוויר משתנה בין עונות, כולל תקופות חמות ותקופות קרירות עם משקעים משתנים בהתאם להשפעות אטמוספריות אזוריות וזרמי אוויר.",0.3,0.75,0.8481952548027039
"[Q] מהו אקלים ים תיכוני ומה מאפייניו? [T] אקלים ים תיכוני מאופיין בקיץ חם ויבש וחורף מתון וגשום יחסית. [S] אקלים ים תיכוני הוא חלק ממערכת אקלימית עולמית שמושפעת מהים, זרמי אוויר, לחץ אטמוספרי ושינויים אקלימיים גלובליים ולכן הוא לא רק דפוס עונתי פשוט אלא מערכת דינמית.",0.2,0.57,0.5875898003578186
[Q] מהי יבשת ומה מאפייניה? [T] יבשת היא שטח יבשה גדול מאוד המוקף בדרך כלל באוקיינוסים וכולל מדינות רבות. [S] יבשת היא שטח יבשתי גדול שמכיל מדינות רבות.,1.0,1.05,0.9411672949790955
[Q] מהי יבשת ומה מאפייניה? [T] יבשת היא שטח יבשה גדול מאוד המוקף בדרך כלל באוקיינוסים וכולל מדינות רבות. [S] יבשת היא שטח גדול של אדמה.,0.6,0.91,0.6205074787139893
"[Q] מהי יבשת ומה מאפייניה? [T] יבשת היא שטח יבשה גדול מאוד המוקף בדרך כלל באוקיינוסים וכולל מדינות רבות. [S] יבשת היא מושג גאוגרפי שמתאר יחידת יבשה בקנה מידה גדול הכוללת מערכות מדיניות, תרבותיות, אקלימיות וגאולוגיות שונות, המוגדרת גם לפי תהליכים טקטוניים והיסטוריה גאולוגית של פני כדור הארץ.",0.3,0.99,0.9905502796173096
"[Q] מהי יבשת ומה מאפייניה? [T] יבשת היא שטח יבשה גדול מאוד המוקף בדרך כלל באוקיינוסים וכולל מדינות רבות. [S] יבשת היא חלק מכדור הארץ שנוצר לאורך מיליוני שנים מתהליכים גיאולוגיים, תנועת לוחות, שחיקה ושינויים אקלימיים, ומשפיעה גם על אקלים עולמי ודפוסי חיים.",0.2,0.99,0.6473837494850159
"[Q] מהו מפה טופוגרפית ומה היא מראה? [T] מפה טופוגרפית מציגה את פני השטח כולל גבהים, הרים, עמקים ותבליט בעזרת קווי גובה. [S] מפה טופוגרפית מציגה גבהים ותבליט של פני השטח באמצעות קווים וסימנים.",1.0,0.97,0.91983962059021
"[Q] מהו מפה טופוגרפית ומה היא מראה? [T] מפה טופוגרפית מציגה את פני השטח כולל גבהים, הרים, עמקים ותבליט בעזרת קווי גובה. [S] מפה שמראה הרים ועמקים.",0.6,0.39,0.8125592470169067
"[Q] מהו מפה טופוגרפית ומה היא מראה? [T] מפה טופוגרפית מציגה את פני השטח כולל גבהים, הרים, עמקים ותבליט בעזרת קווי גובה. [S] מפה טופוגרפית היא מערכת ייצוג מרחבית מתקדמת המשתמשת בהיטל גאודטי, קווי גובה, סימבולוגיה קרטוגרפית ונתוני גובה דיגיטליים כדי לייצג תלת־ממד של פני כדור הארץ במישור דו־ממדי לצורכי ניווט, תכנון והנדסה.",0.3,0.8,0.972770631313324
"[Q] מהו מפה טופוגרפית ומה היא מראה? [T] מפה טופוגרפית מציגה את פני השטח כולל גבהים, הרים, עמקים ותבליט בעזרת קווי גובה. [S] מפה טופוגרפית היא חלק ממערכות מידע גאוגרפיות שמחברות בין לוויינים, חיישנים ונתונים דיגיטליים כדי לייצר תמונה כוללת של כדור הארץ והסביבה הטבעית שלו.",0.2,0.6,0.6441470980644226
[Q] מהו קו המשווה? [T] קו המשווה הוא קו דמיוני שמחלק את כדור הארץ לצפון ודרום. [S] קו המשווה מחלק את כדור הארץ לשני חצאים שווים ומסייע בהגדרת אזורי אקלים.,1.0,0.97,1.060253620147705
[Q] מהו קו המשווה? [T] קו המשווה הוא קו דמיוני שמחלק את כדור הארץ לצפון ודרום. [S] קו המשווה הוא קו באמצע כדור הארץ.,0.7,0.92,1.0227841138839722
[Q] מהו קו המשווה? [T] קו המשווה הוא קו דמיוני שמחלק את כדור הארץ לצפון ודרום. [S] יש קו שמחלק את העולם לאזורים שונים.,0.5,0.49,0.8972232341766357
[Q] מהו קו המשווה? [T] קו המשווה הוא קו דמיוני שמחלק את כדור הארץ לצפון ודרום. [S] קו המשווה הוא חלק ממערכת קואורדינטות המשמשת לניווט ולמדידות גאוגרפיות שונות.,0.3,0.44,0.8597153425216675
[Q] מהו קו המשווה? [T] קו המשווה הוא קו דמיוני שמחלק את כדור הארץ לצפון ודרום. [S] קו המשווה הוא מערכת כללית של מיפוי שמחברת בין יבשות ואוקיינוסים.,0.2,0.78,0.3542328476905823
[Q] מהי יבשת אפריקה? [T] יבשת אפריקה היא אחת משבע היבשות בעולם והיא כוללת מדינות רבות ושונות. [S] אפריקה היא עיר גדולה באירופה שבה גרים הרבה אנשים.,0,0.36,0.12052023410797119
[Q] מהו נהר הנילוס? [T] נהר הנילוס הוא נהר גדול מאוד באפריקה. [S] הנילוס הוא הר גבוה שנמצא ליד הים והוא תמיד מושלג.,0,0.63,0.10408683121204376
[Q] מהו מדבר סהרה? [T] מדבר סהרה הוא המדבר החם הגדול בעולם בצפון אפריקה. [S] הסהרה היא יער גשם צפוף עם הרבה עצים וחיות טרופיות.,0,0.51,0.27088260650634766
[Q] מהו אוקיינוס? [T] אוקיינוס הוא גוף מים מלוח עצום המכסה חלק גדול מכדור הארץ. [S] אוקיינוס הוא אגם קטן של מים מתוקים באמצע עיר.,0,0.31,0.10816153883934021
[Q] מהו קו המשווה? [T] קו המשווה הוא קו דמיוני שמחלק את כדור הארץ לצפון ודרום. [S] קו המשווה הוא נהר שמקיף את כדור הארץ ומפריד בין יבשות.,0,0.92,0.3882199227809906
"[Q] מהו הר געש? [T] הר געש הוא פתח בקרום כדור הארץ ממנו נפלטת מגמה, אפר וגזים. [S] הר געש הוא הר רגיל שמכוסה עצים ובתים ואין בו פעילות מיוחדת.",0,0.41,0.10737187415361404
[Q] מהו אקלים טרופי? [T] אקלים טרופי הוא אקלים חם ולח עם הרבה משקעים. [S] אקלים טרופי הוא אקלים קר מאוד עם שלג כל השנה.,0,0.79,0.9320520758628845
[Q] מהי יבשת אירופה? [T] אירופה היא יבשת הכוללת מדינות רבות כמו צרפת וגרמניה. [S] אירופה היא אוקיינוס גדול שמפריד בין יבשות.,0,0.36,0.15916556119918823
[Q] מהו נהר האמזונס? [T] האמזונס הוא נהר גדול מאוד בדרום אמריקה. [S] האמזונס הוא מדבר קפוא שנמצא בקוטב הצפוני.,0,0.5,0.07379332929849625
[Q] מהו אקלים מדברי? [T] אקלים מדברי מאופיין ביובש ובמעט מאוד גשם. [S] אקלים מדברי הוא אקלים עם הרבה שלג וגשם כל השנה.,0,0.71,0.9927660226821899
[Q] מהו אוקיינוס השקט? [T] אוקיינוס השקט הוא האוקיינוס הגדול ביותר בעולם. [S] אוקיינוס השקט הוא אגם קטן בישראל שבו שוחים דגים.,0,0.89,0.08941716700792313
[Q] מהי מפת עולם? [T] מפת עולם מציגה את כל היבשות והאוקיינוסים על כדור הארץ. [S] מפת עולם היא ספר שמספר סיפורים על מדינות.,0,0.36,0.08375027775764465
[Q] מהו קו רוחב? [T] קווי רוחב הם קווים דמיוניים שמודדים מיקום צפונה או דרומה על פני כדור הארץ. [S] קו רוחב הוא נהר שמתחיל בקוטב הדרומי ונשפך לאוקיינוס האטלנטי.,0,0.56,0.07329313457012177
[Q] מהו קו אורך? [T] קווי אורך הם קווים דמיוניים שמודדים מזרח ומערב על פני כדור הארץ. [S] קו אורך הוא רכס הרים גדול שמפריד בין יבשות.,0,0.6,0.11117643862962723
[Q] מהו אקלים ים תיכוני? [T] אקלים ים תיכוני מאופיין בקיץ חם ויבש וחורף גשום ומתון. [S] אקלים ים תיכוני הוא אזור שבו יורד שלג כל השנה והים קופא בחורף.,0,0.68,0.20281760394573212
[Q] מהי יבשת אמריקה? [T] אמריקה היא יבשת גדולה הכוללת את צפון אמריקה ודרום אמריקה. [S] אמריקה היא אוקיינוס גדול שמקיף את כדור הארץ.,0,0.77,0.1981104165315628
[Q] מהו אוקיינוס האטלנטי? [T] האוקיינוס האטלנטי הוא גוף מים מלוח גדול בין אמריקה לאירופה ואפריקה. [S] האוקיינוס האטלנטי הוא מדבר עצום ללא מים שבו חיים רק גמלים.,0,0.44,0.11229391396045685
[Q] מהו נהר? [T] נהר הוא זרם מים טבעי הזורם ביבשה ונשפך לים או לאגם. [S] נהר הוא הר גבוה מאוד שנוצר מהתפרצות געשית.,0,0.5,0.1252906769514084
[Q] מהו אקלים קוטבי? [T] אקלים קוטבי מאופיין בטמפרטורות נמוכות מאוד ושלג וקרח רוב השנה. [S] אקלים קוטבי הוא אזור חם מאוד עם יערות גשם טרופיים.,0,0.53,0.43554091453552246
[Q] מהו מדבר? [T] מדבר הוא אזור עם כמות משקעים נמוכה וצמחייה דלילה. [S] מדבר הוא מקום שבו יש נהרות רבים וצמחייה צפופה מאוד.,0,0.49,0.9494166970252991
[Q] מהו הר געש? [T] הר געש הוא הר שממנו נפלטת לבה ואפר בזמן התפרצות. [S] הר געש הוא הר רגיל שנוצר על ידי רוח וגשם בלבד.,0,0.92,0.09729859977960587
[Q] מהי יבשת? [T] יבשת היא שטח יבשה גדול על פני כדור הארץ. [S] יבשת היא גוף מים קטן בתוך עיר.,0,0.52,0.1459053009748459
[Q] מהו קו המשווה? [T] קו המשווה מחלק את כדור הארץ לצפון ודרום. [S] קו המשווה הוא נהר שמחבר בין כל האוקיינוסים בעולם.,0,0.57,0.08044669777154922
[Q] מהו אוקיינוס השקט? [T] האוקיינוס השקט הוא האוקיינוס הגדול ביותר בעולם. [S] האוקיינוס השקט הוא אגם קטן באמצע מדבר סהרה.,0,0.91,0.08773240447044373
[Q] מהו מדבר סהרה? [T] מדבר סהרה הוא מדבר חם ויבש בצפון אפריקה. [S] מדבר סהרה הוא מדבר חם ויבש בצפון אפריקה שבו קווי רוחב יוצרים יערות גשם צפופים לאורך כל השנה.,0,1.0,0.9369268417358398
[Q] מהו קו המשווה? [T] קו המשווה מחלק את כדור הארץ לצפון ודרום. [S] קו המשווה הוא נהר תת-קרקעי המחלק את כדור הארץ לצפון ודרום ומשמש כמקור מים מרכזי למדבריות.,0,0.98,0.8589382171630859
[Q] מהו אוקיינוס? [T] אוקיינוס הוא גוף מים מלוח גדול המכסה חלק מכדור הארץ. [S] אוקיינוס הוא גוף מים מתוק קטן הנמצא בתוך יבשות ומשמש כגבול בין קווי רוחב.,0,0.71,0.9945798516273499
[Q] מהו קו רוחב? [T] קווי רוחב הם קווים דמיוניים למדידת מיקום צפונה ודרומה. [S] קווי רוחב הם נהרות דמיוניים הזורמים ממזרח למערב ומשמשים למדידת עומק אוקיינוסים.,0,0.92,1.0024384260177612
[Q] מהו הר געש? [T] הר געש הוא פתח בקרום כדור הארץ שממנו נפלטת מגמה. [S] הר געש הוא הר שנוצר מזרימת נהרות לבה קרים שמקורם באוקיינוסים.,0,0.46,0.32517775893211365
[Q] מהי יבשת? [T] יבשת היא שטח יבשה גדול הכולל מדינות רבות. [S] יבשת היא גוף מים גדול שמפריד בין אוקיינוסים וכולל בתוכו מדבריות קפואים.,0,0.33,0.8744404315948486
[Q] מהו אקלים טרופי? [T] אקלים טרופי הוא אקלים חם ולח עם הרבה משקעים. [S] אקלים טרופי הוא אקלים חם ולח שבו קווי המשווה קובעים שלג תמידי לאורך כל השנה.,0,0.79,0.9632763266563416
[Q] מהו אקלים מדברי? [T] אקלים מדברי מאופיין ביובש ומעט גשם. [S] אקלים מדברי מאופיין ביובש אך כולל נהרות קבועים שמקורם בקווי רוחב קפואים.,0,0.86,0.8478725552558899
[Q] מהו אוקיינוס האטלנטי? [T] האוקיינוס האטלנטי נמצא בין אמריקה לאירופה ואפריקה. [S] האוקיינוס האטלנטי הוא אוקיינוס קטן בתוך יבשת אירופה המשמש כקו גבול יבשתי.,0,0.92,0.35822594165802
[Q] מהו נהר? [T] נהר הוא זרם מים טבעי הזורם ביבשה. [S] נהר הוא רכס הרים תת-ימי הזורם לאורך קווי רוחב ומשנה אקלים עולמי.,0,0.89,0.8660010695457458
[Q] מהי מפה טופוגרפית? [T] מפה טופוגרפית מציגה גבהים ותבליט של פני השטח. [S] מפה טופוגרפית מציגה נהרות תת-קרקעיים ומיקומי אוקיינוסים לפי קווי משווה.,0,0.55,0.9896602034568787
[Q] מהו אוקיינוס השקט? [T] אוקיינוס השקט הוא האוקיינוס הגדול ביותר בעולם. [S] אוקיינוס השקט הוא גוף מים קטן יחסית שנמצא בתוך יבשת אמריקה ומשמש גבול יבשתי בין מדבריות לנהרות גדולים.,0,0.81,0.477215439081192
[Q] מהו נהר האמזונס? [T] נהר האמזונס הוא נהר גדול בדרום אמריקה עם זרימה חזקה. [S] נהר האמזונס הוא נהר גדול בדרום אמריקה שזורם לאוקיינוס השקט דרך רכסי הרים קפואים ומדבריות קוטב.,0,0.98,1.0217342376708984
[Q] מהו מדבר סהרה? [T] מדבר סהרה הוא המדבר החם הגדול בעולם בצפון אפריקה. [S] מדבר סהרה הוא מדבר חם בצפון אפריקה שבו יורדים שלגים כבדים לאורך כל השנה בגלל קווי רוחב גבוהים.,0,0.91,0.7900455594062805
[Q] מהו קו המשווה? [T] קו המשווה מחלק את כדור הארץ לצפון ודרום. [S] קו המשווה הוא נהר טבעי שמקיף את כדור הארץ ומחבר בין אוקיינוסים ויבשות שונות.,0,0.95,0.284690260887146
[Q] מהו אקלים ים תיכוני? [T] אקלים ים תיכוני כולל קיץ חם ויבש וחורף גשום. [S] אקלים ים תיכוני כולל קיץ חם ויבש וחורף גשום אך בפועל הוא אקלים קפוא שבו יורד שלג רוב השנה.,0,0.96,0.40492212772369385
[Q] מהו הר געש? [T] הר געש הוא הר שממנו נפלטת לבה בזמן התפרצות. [S] הר געש הוא הר שנוצר מהצטברות קרחונים ונהרות תת-קרקעיים שמקורם בקווי רוחב.,0,0.95,0.3849722743034363
[Q] מהי יבשת אירופה? [T] אירופה היא יבשת הכוללת מדינות רבות. [S] אירופה היא אוקיינוס גדול שבו מפוזרים איים קטנים של מדבריות ונהרות.,0,0.2,0.21497590839862823
[Q] מהו אוקיינוס האטלנטי? [T] האוקיינוס האטלנטי נמצא בין אמריקה לאירופה ואפריקה. [S] האוקיינוס האטלנטי הוא נהר גדול שמפריד בין יבשות אך זורם בתוך מדבר סהרה.,0,0.88,0.16970007121562958
[Q] מהו קו רוחב? [T] קווי רוחב מודדים מיקום צפונה ודרומה. [S] קווי רוחב הם נהרות דמיוניים שמודדים עומק של אוקיינוסים ומיקום מדברי.,0,0.98,0.0989009365439415
[Q] מהו אקלים טרופי? [T] אקלים טרופי חם ולח עם הרבה משקעים. [S] אקלים טרופי הוא אקלים קר שבו יש שלג קבוע אך גם גשם חזק לפי קווי רוחב.,0,0.69,0.9113757014274597
[Q] מהו אוקיינוס? [T] אוקיינוס הוא גוף מים מלוח גדול. [S] אוקיינוס הוא גוף מים מתוק קטן בתוך יבשה שמחובר לנהרות בלבד.,0,1.0,0.20256413519382477
[Q] מהו מדבר? [T] מדבר הוא אזור יבש עם מעט משקעים. [S] מדבר הוא אזור רטוב מאוד עם נהרות רבים ויערות גשם צפופים.,0,0.86,0.9261482954025269
"[Q] מהי פוטוסינתזה? [T] פוטוסינתזה היא תהליך שבו צמחים משתמשים באור שמש, מים ופחמן דו־חמצני כדי לייצר גלוקוז וחמצן. [S] צמחים משתמשים באור שמש כדי לייצר מזון וחמצן באמצעות תהליך שמתרחש בעלים.",1.0,0.64,0.9053019881248474
[Q] מה תפקיד השורשים בצמח? [T] שורשים מקבעים את הצמח בקרקע וסופגים מים ומינרלים מהאדמה. [S] שורשים מקבעים את הצמח בקרקע וסופגים מים ומינרלים מהאדמה דרך מערכת הובלה פנימית.,1.0,1.0,1.0429880619049072
[Q] מה תפקיד השורשים בצמח? [T] שורשים מקבעים את הצמח בקרקע וסופגים מים ומינרלים מהאדמה. [S] שורשים מקבעים את הצמח בקרקע וסופגים מים בלבד.,0.8,0.98,0.622090756893158
[Q] מה תפקיד השורשים בצמח? [T] שורשים מקבעים את הצמח בקרקע וסופגים מים ומינרלים מהאדמה. [S] שורשים הם חלק בצמח שמסייע בעיקר לייצוב הקרקע סביב הצמח ולא משפיע על ספיגת מים.,0.6,0.72,0.15100792050361633
"[Q] מה תפקיד השורשים בצמח? [T] שורשים מקבעים את הצמח בקרקע וסופגים מים ומינרלים מהאדמה. [S] שורשים נמצאים מתחת לאדמה ולעיתים משמשים גם לאחסון אנרגיה בצמחים מסוימים, אך תפקידם העיקרי הוא יצירת עלים חדשים.",0.4,0.7,0.2726096212863922
[Q] מהי כלורופיל? [T] כלורופיל הוא פיגמנט ירוק בצמחים שסופג אור לתהליך הפוטוסינתזה. [S] כלורופיל הוא פיגמנט ירוק בצמחים שסופג אור ומשתתף בתהליך הפוטוסינתזה בעלים.,1.0,1.0,1.0562076568603516
[Q] מהי כלורופיל? [T] כלורופיל הוא פיגמנט ירוק בצמחים שסופג אור לתהליך הפוטוסינתזה. [S] כלורופיל הוא חומר ירוק בצמח שעוזר לו לקלוט אור שמש.,0.8,0.48,0.9704234004020691
[Q] מהי כלורופיל? [T] כלורופיל הוא פיגמנט ירוק בצמחים שסופג אור לתהליך הפוטוסינתזה. [S] כלורופיל הוא חומר ירוק שנמצא בכל חלקי הצמח באותה כמות ואינו קשור ישירות לאור או לייצור מזון.,0.6,0.18,0.10408001393079758
[Q] מהי כלורופיל? [T] כלורופיל הוא פיגמנט ירוק בצמחים שסופג אור לתהליך הפוטוסינתזה. [S] כלורופיל הוא חומר בצמחים שמעניק להם צבע ירוק אך אינו משפיע על תהליכי אנרגיה או יצירת מזון כלל.,0.4,0.54,0.3269241452217102
[Q] מהו נביטה? [T] נביטה היא התהליך שבו זרע מתחיל לגדול ולהתפתח לצמח חדש בתנאים מתאימים. [S] נביטה היא תהליך שבו זרע מתחיל לגדול לצמח בתנאי מים וטמפרטורה מתאימים.,1.0,1.0,1.0195987224578857
[Q] מהו נביטה? [T] נביטה היא התהליך שבו זרע מתחיל לגדול ולהתפתח לצמח חדש בתנאים מתאימים. [S] נביטה היא תהליך שבו זרע מתחיל לגדול לצמח קטן.,0.8,1.0,0.6048299074172974
[Q] מהו נביטה? [T] נביטה היא התהליך שבו זרע מתחיל לגדול ולהתפתח לצמח חדש בתנאים מתאימים. [S] נביטה היא תהליך שבו זרע נשאר באדמה זמן רב ואז הופך ישירות לצמח בוגר בלי שלבי ביניים.,0.4,1.0,0.1444021314382553
"[Q] מה תפקיד העלים בצמח? [T] עלים מבצעים פוטוסינתזה, קולטים אור ומבצעים חילוף גזים. [S] עלים מבצעים פוטוסינתזה וקולטים אור שמש כדי לייצר מזון לצמח.",1.0,0.77,1.0181695222854614
"[Q] מה תפקיד העלים בצמח? [T] עלים מבצעים פוטוסינתזה, קולטים אור ומבצעים חילוף גזים. [S] עלים קולטים אור שמש ועוזרים לצמח לגדול.",0.8,0.39,0.9649925827980042
"[Q] מה תפקיד העלים בצמח? [T] עלים מבצעים פוטוסינתזה, קולטים אור ומבצעים חילוף גזים. [S] עלים נמצאים על הצמח ותפקידם העיקרי הוא לאגור מים בלבד ללא קשר לאור או לפוטוסינתזה.",0.6,0.57,0.0856950655579567
"[Q] מה תפקיד העלים בצמח? [T] עלים מבצעים פוטוסינתזה, קולטים אור ומבצעים חילוף גזים. [S] עלים משמשים בעיקר להגנה על הגזע מפני פגיעות חיצוניות ואין להם תפקיד בתהליכי אנרגיה בצמח.",0.4,0.0,0.05727473646402359
[Q] מהו תהליך האבקה? [T] האבקה היא מעבר גרגרי אבקה מאבקנים לצלקת הפרח לצורך הפריה. [S] האבקה היא תהליך שבו גרגרי אבקה עוברים מפרח אחד לאחר ומאפשרים יצירת זרעים.,1.0,0.67,1.067531704902649
[Q] מהו תהליך האבקה? [T] האבקה היא מעבר גרגרי אבקה מאבקנים לצלקת הפרח לצורך הפריה. [S] האבקה היא תהליך שבו אבקה נעה בין פרחים ומסייעת לרבייה בצמחים.,0.8,0.7,1.0334666967391968
[Q] מהו תהליך האבקה? [T] האבקה היא מעבר גרגרי אבקה מאבקנים לצלקת הפרח לצורך הפריה. [S] האבקה היא תהליך שבו עלים מעבירים מים לשורשים כדי לייצר פרחים חדשים.,0.6,0.29,0.2567684054374695
[Q] מהו תהליך האבקה? [T] האבקה היא מעבר גרגרי אבקה מאבקנים לצלקת הפרח לצורך הפריה. [S] האבקה היא תהליך שבו פרחים משנים צבע כדי למשוך אור שמש ולהפוך אותו לזרעים.,0.4,0.29,0.25630897283554077
"[Q] מהי מערכת הובלה בצמח? [T] מערכת הובלה בצמח כוללת את השיפה והעצה שמעבירות מים, מינרלים וסוכרים. [S] מערכת הובלה בצמח מעבירה מים ומינרלים מהשורשים לעלים.",1.0,0.54,1.007783055305481
"[Q] מהי מערכת הובלה בצמח? [T] מערכת הובלה בצמח כוללת את השיפה והעצה שמעבירות מים, מינרלים וסוכרים. [S] מערכת הובלה בצמח מעבירה מים בלבד בתוך הצמח.",0.8,0.54,0.2563607394695282
"[Q] מהי מערכת הובלה בצמח? [T] מערכת הובלה בצמח כוללת את השיפה והעצה שמעבירות מים, מינרלים וסוכרים. [S] מערכת הובלה בצמח היא שכבת הגנה חיצונית שמונעת אידוי מים מהעלים.",0.6,0.52,0.25290197134017944
"[Q] מהי מערכת הובלה בצמח? [T] מערכת הובלה בצמח כוללת את השיפה והעצה שמעבירות מים, מינרלים וסוכרים. [S] מערכת הובלה בצמח אחראית רק על יצירת פרחים ולא על העברת חומרים בתוך הצמח.",0.4,0.31,0.1082019954919815
[Q] מהו פוטוטרופיזם? [T] פוטוטרופיזם הוא גדילת צמחים לכיוון אור. [S] פוטוטרופיזם הוא תהליך שבו צמח גדל לכיוון אור השמש.,1.0,0.61,1.053804636001587
[Q] מהו פוטוטרופיזם? [T] פוטוטרופיזם הוא גדילת צמחים לכיוון אור. [S] פוטוטרופיזם הוא נטייה של צמח להתכופף מעט לכיוון אור.,0.8,0.61,0.8989724516868591
[Q] מהו פוטוטרופיזם? [T] פוטוטרופיזם הוא גדילת צמחים לכיוון אור. [S] פוטוטרופיזם הוא תהליך שבו צמח גדל רק כלפי מטה לכיוון השורשים בגלל כוח הכבידה.,0.6,0.58,0.18803833425045013
[Q] מהו פוטוטרופיזם? [T] פוטוטרופיזם הוא גדילת צמחים לכיוון אור. [S] פוטוטרופיזם הוא מנגנון שבו שורשי הצמח מייצרים אור כדי לכוון את הגבעול לכיוון הנכון.,0.4,0.61,0.4871947169303894
"[Q] מהו תהליך הנשימה בצמחים? [T] בצמחים מתבצע תהליך נשימה שבו הם צורכים חמצן ומשחררים פחמן דו־חמצני להפקת אנרגיה. [S] בצמחים מתקיים תהליך נשימה שבו הם משתמשים בחמצן ליצירת אנרגיה, בנוסף לפוטוסינתזה.",0.8,0.58,1.0458837747573853
[Q] מהי טרנספירציה בצמחים? [T] טרנספירציה היא איבוד מים מהצמח דרך העלים בעיקר בצורת אדי מים. [S] טרנספירציה היא תהליך שבו מים מתאדים מהעלים ועוזרים בוויסות טמפרטורת הצמח.,0.8,0.57,1.0282251834869385
[Q] מה תפקיד הכלורופלסט? [T] כלורופלסט הוא אברון בתאי צמח שבו מתבצעת פוטוסינתזה. [S] כלורופלסט הוא חלק בתא הצמח שבו מתבצעת הפוטוסינתזה בעזרת אור שמש.,0.8,0.63,0.8875908255577087
[Q] מהו זרע? [T] זרע הוא מבנה רבייה בצמחים שמכיל עובר וחומרי תשמורת. [S] זרע הוא חלק מהצמח שמאפשר התחלה של צמח חדש בתנאים מתאימים.,0.7,0.37,0.5047445297241211
[Q] מהי מערכת שורשים מפותחת? [T] מערכת שורשים מפותחת היא מערכת שורשים רחבה שמאפשרת ספיגת מים ומינרלים ויציבות הצמח. [S] מערכת שורשים מפותחת היא מערכת גדולה של שורשים שמסייעת לצמח לקלוט יותר מים מהקרקע.,0.7,0.78,1.0281747579574585
[Q] מהי האבקה באמצעות רוח? [T] האבקה באמצעות רוח היא מעבר אבקה מפרחים בעזרת הרוח ללא צורך במאביקים חיים. [S] האבקה באמצעות רוח מתרחשת כאשר הרוח מעבירה אבקה בין פרחים באופן אקראי יחסית.,0.7,0.61,0.19394280016422272
[Q] מהו גבעול? [T] הגבעול מחזיק את הצמח ומוביל מים וחומרים בין השורשים לעלים. [S] הגבעול הוא חלק בצמח שתומך בעלים ומעביר מים ומינרלים בתוך הצמח.,0.8,0.72,1.0208721160888672
[Q] מהו פרח? [T] פרח הוא איבר הרבייה של הצמח שממנו מתפתחים זרעים. [S] פרח הוא מבנה בצמח שמשמש לרבייה וייצור זרעים באמצעות האבקה.,0.8,0.73,0.905127763748169
"[Q] מהי פוטוסינתזה בחושך? [T] פוטוסינתזה מתבצעת בעיקר באור, אך בצמחים יש גם תהליכים מקבילים של ניצול סוכרים בלילה. [S] בלילה הצמח לא מבצע פוטוסינתזה אך ממשיך להשתמש בחומרים שנוצרו ביום כדי להפיק אנרגיה.",0.7,0.0,0.6437828540802002
[Q] מהו אורך חיי צמח? [T] אורך חיי צמח משתנה לפי סוג הצמח ויכול להיות עונתי או רב־שנתי. [S] יש צמחים שחיים עונה אחת ויש כאלה שחיים שנים רבות בהתאם לסוג ולתנאי הסביבה.,0.6,0.77,0.8956278562545776
"[Q] מהו תהליך הפוטוסינתזה? [T] פוטוסינתזה היא תהליך שבו צמחים משתמשים באור שמש, מים ופחמן דו־חמצני כדי לייצר מזון וחמצן. [S] פוטוסינתזה היא תהליך שבו צמחים משתמשים באור שמש כדי לייצר חמצן בלבד, בעיקר בשורשים.",0.6,0.67,0.20327186584472656
"[Q] מהי כלורופיל? [T] כלורופיל הוא פיגמנט ירוק בצמחים הסופג אור לצורך פוטוסינתזה. [S] כלורופיל הוא חומר ירוק בצמח שעוזר לקלוט אור, אך הוא גם אחראי על ספיגת מים מהשורשים.",0.4,0.51,0.7978574633598328
[Q] מה תפקיד השורשים? [T] שורשים סופגים מים ומינרלים מהקרקע ומעגנים את הצמח. [S] שורשים סופגים מים מהאדמה וגם יוצרים עלים חדשים שמתפתחים ישירות מהם.,0.3,0.7,0.9639123678207397
"[Q] מהו גבעול? [T] הגבעול מעביר מים ומינרלים בין השורשים לעלים ותומך בצמח. [S] הגבעול מעביר מים בלבד, והוא גם החלק שבו מתבצעת פוטוסינתזה עיקרית בצמח.",0.5,0.97,0.36683928966522217
[Q] מהו פרח? [T] פרח הוא איבר הרבייה של הצמח שממנו נוצרים זרעים. [S] פרח הוא איבר רבייה של הצמח שמייצר פירות ישירות ללא צורך בהאבקה.,0.4,0.74,0.2858765423297882
[Q] מהי האבקה? [T] האבקה היא מעבר גרגרי אבקה מהאבקנים לצלקת הפרח. [S] האבקה היא תהליך שבו מים מעבירים אבקה בתוך הצמח לשורשים.,0.2,0.3,0.2642689645290375
[Q] מהו זרע? [T] זרע מכיל עובר וחומרי תשמורת וממנו מתפתח צמח חדש. [S] זרע הוא חלק מהצמח שמתחיל לגדול ישירות לעלה מבלי לעבור שלב נביטה.,0.3,0.67,0.11715807020664215
[Q] מהי טרנספירציה? [T] טרנספירציה היא איבוד מים מהעלים בצורת אדים. [S] טרנספירציה היא תהליך שבו הצמח קולט מים דרך העלים ולא דרך השורשים.,0.5,0.41,0.17820417881011963
[Q] מהו פוטוטרופיזם? [T] פוטוטרופיזם הוא גדילת הצמח לכיוון אור. [S] פוטוטרופיזם הוא תהליך שבו שורשי הצמח נעים לכיוון אור השמש כדי לייצר אנרגיה.,0.3,0.63,1.0496463775634766
"[Q] מהי מערכת הובלה בצמח? [T] מערכת הובלה מעבירה מים, מינרלים וסוכרים בצמח. [S] מערכת הובלה מעבירה מים בלבד, והיא גם מייצרת את המזון בצמח בעצמה.",0.4,0.94,0.1784476935863495
"[Q] מהו תהליך הנביטה? [T] נביטה היא תהליך שבו זרע מתחיל להתפתח לצמח חדש בתנאים מתאימים של מים, חום וחמצן. [S] נביטה היא תהליך שבו זרע מתחיל לגדול לצמח לאחר שהוא מקבל מים, אך זה קורה רק אחרי שהוא כבר הפך לצמח בוגר.",0.3,0.91,0.5822155475616455
[Q] מהו תהליך הנביטה? [T] נביטה היא תהליך שבו זרע מתחיל להתפתח לצמח חדש בתנאים מתאימים. [S] נביטה היא תהליך שבו זרע גדל ישירות לעלים ללא שלב של שורשים.,0.4,1.0,0.09636925905942917
"[Q] מהו תהליך הנביטה? [T] נביטה היא תהליך שבו זרע מתחיל להתפתח לצמח חדש. [S] נביטה היא תהליך שבו הזרע נשאר באדמה וגדל רק כאשר יש אור שמש חזק, בלי צורך במים.",0.2,1.0,0.10137981921434402
[Q] מהו תפקיד העלים? [T] עלים מבצעים פוטוסינתזה וקולטים אור שמש ליצירת מזון לצמח. [S] עלים קולטים אור שמש ומעבירים אותו ישירות לשורשים כדי לייצר מים ומינרלים.,0.3,0.52,1.0344338417053223
[Q] מהו תפקיד העלים? [T] עלים מבצעים פוטוסינתזה. [S] עלים משמשים לאגירת מים בלבד ואינם משתתפים בתהליכי ייצור מזון כלל.,0.4,0.43,0.057885415852069855
[Q] מהו גבעול? [T] הגבעול מעביר מים ומינרלים ותומך בצמח. [S] הגבעול הוא החלק בצמח שמייצר מים ומזין את השורשים ישירות דרך האוויר.,0.2,0.73,0.30657660961151123
[Q] מהו שורש? [T] שורש סופג מים ומינרלים מהקרקע ומעגֵן את הצמח. [S] שורש הוא חלק בצמח שצף מעל הקרקע ותפקידו לקלוט אור שמש.,0.3,0.58,0.22257691621780396
[Q] מהו פרח? [T] פרח הוא איבר רבייה שממנו נוצרים זרעים. [S] פרח הוא חלק בצמח שמייצר מים ומינרלים במקום השורשים.,0.2,0.6,0.1438591331243515
[Q] מהי טרנספירציה? [T] טרנספירציה היא איבוד מים מהעלים בצורת אדים. [S] טרנספירציה היא תהליך שבו הצמח סופג מים מהאוויר דרך העלים.,0.4,0.59,1.019851803779602
"[Q] מהו תהליך הפוטוסינתזה? [T] פוטוסינתזה היא תהליך שבו צמחים מייצרים מזון בעזרת אור שמש, מים ופחמן דו־חמצני. [S] פוטוסינתזה היא תהליך שבו צמחים משתמשים באור שמש כדי לייצר מים בתוך העלים ולאחר מכן מעבירים אותם לשורשים.",0.3,0.63,0.47503894567489624
[Q] מהו תהליך הפוטוסינתזה? [T] פוטוסינתזה מתרחשת בעלים ומייצרת גלוקוז וחמצן. [S] פוטוסינתזה היא תהליך שבו הצמח משתמש באור כדי לפרק מים ישירות מהאדמה ללא צורך בעלים.,0.4,0.16,0.058635164052248
[Q] מהו תהליך הפוטוסינתזה? [T] פוטוסינתזה היא ייצור מזון בצמח בעזרת אור שמש. [S] פוטוסינתזה היא תהליך שבו הצמח קולט חמצן ומשחרר פחמן דו־חמצני כדי לייצר אור שמש.,0.2,0.43,0.4308413863182068
[Q] מהו תפקיד השורשים? [T] שורשים סופגים מים ומינרלים מהקרקע ומעגנים את הצמח. [S] שורשים סופגים מים מהקרקע אך גם מייצרים את כל המזון של הצמח בעצמם באמצעות פוטוסינתזה.,0.4,0.97,0.7964354753494263
[Q] מהו תפקיד השורשים? [T] שורשים מעגנים את הצמח וסופגים מים ומינרלים. [S] שורשים הם חלק בצמח שנמצא מעל הקרקע ותפקידו העיקרי הוא קליטת אור שמש.,0.2,0.72,0.13695907592773438
"[Q] מהו גבעול? [T] הגבעול מעביר מים, מינרלים ותומך בצמח. [S] הגבעול הוא חלק בצמח שמייצר מים מהאוויר ומעביר אותם לשורשים באופן ישיר.",0.3,0.94,0.8031007647514343
[Q] מהו גבעול? [T] הגבעול מחבר בין השורשים לעלים ומאפשר הובלת חומרים. [S] הגבעול הוא חלק שממיר אור שמש ישירות למים בתוך הצמח.,0.4,0.64,0.13517002761363983
[Q] מהו פרח? [T] פרח הוא איבר רבייה שממנו נוצרים זרעים. [S] פרח הוא חלק בצמח שמייצר מים ומינרלים במקום השורשים כדי להזין את הצמח.,0.2,0.6,0.3723975718021393
[Q] מהו זרע? [T] זרע מכיל עובר ומתחיל נביטה בתנאים מתאימים. [S] זרע הוא חלק בצמח שכבר נבוט לגמרי ומתחיל לייצר פרחים מיד ללא שלב ביניים.,0.3,0.71,0.08674931526184082
[Q] מהי טרנספירציה? [T] טרנספירציה היא איבוד מים מהעלים בצורת אדים. [S] טרנספירציה היא תהליך שבו הצמח קולט מים דרך העלים במקום דרך השורשים.,0.5,0.41,0.329871267080307
"[Q] מהי האימפריה הרומית? [T] האימפריה הרומית הייתה אחת האימפריות הגדולות בעולם העתיק והשפיעה על אירופה, צפון אפריקה והמזרח התיכון בתחומי חוק, תרבות וצבא. [S] האימפריה הרומית הייתה ממלכה עתיקה שהתפרסה על אזורים רבים והשפיעה על אירופה באמצעות חוקים וצבא חזק.",0.6,0.74,0.9740239381790161
"[Q] מהי האימפריה הרומית? [T] האימפריה הרומית הייתה אחת האימפריות הגדולות בעולם העתיק והשפיעה על אירופה, צפון אפריקה והמזרח התיכון. [S] האימפריה הרומית הייתה ממלכה קטנה יחסית באירופה העתיקה שהתמקדה בעיקר בחקלאות.",0.4,0.57,0.40666666626930237
"[Q] מהי האימפריה הרומית? [T] האימפריה הרומית הייתה אחת האימפריות הגדולות בעולם העתיק והשפיעה על אירופה, צפון אפריקה והמזרח התיכון. [S] האימפריה הרומית הייתה חברה עתיקה שהתפתחה בעיקר במזרח אסיה והשפיעה בעיקר על סין העתיקה.",0.2,0.59,0.44159987568855286
"[Q] מה הייתה מצרים העתיקה? [T] מצרים העתיקה הייתה ציוויליזציה מפותחת לאורך נהר הנילוס שהתפתחה בתחומי דת, אדריכלות ושלטון. [S] מצרים העתיקה הייתה תרבות שהתפתחה לאורך נהר הנילוס והייתה ידועה בפירמידות ובשלטון מרכזי.",0.6,0.84,0.9133657813072205
[Q] מה הייתה מצרים העתיקה? [T] מצרים העתיקה הייתה ציוויליזציה שהתפתחה לאורך הנילוס ויצרה מערכת שלטון ותרבות מתקדמת. [S] מצרים העתיקה הייתה אזור קטן של שבטים שחיו ליד הנהר ללא שלטון מסודר.,0.4,0.57,0.24115236103534698
[Q] מה הייתה מצרים העתיקה? [T] מצרים העתיקה הייתה ציוויליזציה מפותחת לאורך הנילוס. [S] מצרים העתיקה הייתה ממלכה שהתפתחה באירופה הצפונית והייתה מבוססת על קרח ושלג.,0.2,0.5,0.3906953036785126
[Q] מה הייתה האימפריה הפרסית? [T] האימפריה הפרסית הייתה אימפריה רחבת ידיים במזרח התיכון שכללה מערכות שלטון מתקדמות. [S] האימפריה הפרסית הייתה אימפריה גדולה במזרח התיכון ששלטה על אזורים רבים באמצעות מערכת שלטון מאורגנת.,0.6,0.93,0.9334341287612915
[Q] מה הייתה האימפריה הפרסית? [T] האימפריה הפרסית הייתה אימפריה במזרח התיכון שהתפתחה למערכת שלטונית מורכבת. [S] האימפריה הפרסית הייתה קבוצה קטנה של ערים ללא שלטון מרכזי שהתנהלה באופן עצמאי.,0.4,0.81,0.22924351692199707
[Q] מה הייתה האימפריה הפרסית? [T] האימפריה הפרסית הייתה אימפריה עתיקה במזרח התיכון. [S] האימפריה הפרסית הייתה תרבות שהתפתחה בדרום אמריקה והשפיעה בעיקר על תרבויות האינקה.,0.2,0.98,0.1889144331216812
"[Q] מהי יוון העתיקה? [T] יוון העתיקה הייתה תרבות שהשפיעה על הפילוסופיה, הדמוקרטיה והאמנות בעולם המערבי. [S] יוון העתיקה הייתה תרבות שהתפתחה באזור הים התיכון והשפיעה על פילוסופיה ודמוקרטיה.",0.6,0.88,0.9267785549163818
[Q] מהי יוון העתיקה? [T] יוון העתיקה תרמה להתפתחות רעיונות פוליטיים ופילוסופיים חשובים. [S] יוון העתיקה הייתה תרבות קטנה שהתמקדה בעיקר בבנייה חקלאית ללא השפעה תרבותית משמעותית.,0.4,0.77,0.17698819935321808
[Q] מהי יוון העתיקה? [T] יוון העתיקה הייתה תרבות מרכזית בעולם העתיק. [S] יוון העתיקה הייתה ממלכה מודרנית באירופה שהתפתחה במאה ה-20.,0.2,0.5,0.21883593499660492
[Q] מה הייתה האימפריה המצרית המאוחרת? [T] בתקופות מאוחרות מצרים הייתה תחת שלטון אימפריות זרות שונות ושמרה על חשיבות תרבותית באזור. [S] מצרים בתקופה המאוחרת הייתה אזור שנשלט על ידי אימפריות שונות ושמרה על מסורות תרבותיות.,0.6,0.94,0.9246630668640137
[Q] מה הייתה האימפריה המצרית המאוחרת? [T] מצרים המאוחרת הייתה תחת שלטון חיצוני והשפעות תרבותיות מגוונות. [S] מצרים המאוחרת הייתה מדינה קטנה ללא קשר להיסטוריה העתיקה שלה וללא השפעה תרבותית.,0.4,0.6,0.27493757009506226
[Q] מה הייתה האימפריה המצרית המאוחרת? [T] מצרים המאוחרת הייתה תקופה היסטורית במצרים העתיקה. [S] מצרים המאוחרת הייתה עיר מודרנית באירופה שהתפתחה סביב נהרות קפואים.,0.2,0.58,0.12403456121683121
[Q] מה הייתה מסופוטמיה? [T] מסופוטמיה הייתה אזור עתיק בין נהרות הפרת והחידקל שבו התפתחו מהציוויליזציות הראשונות בעולם. [S] מסופוטמיה הייתה אזור עתיק בין נהרות הפרת והחידקל שבו התפתחו ערים קדומות ומערכות כתב ושלטון.,0.6,1.0,0.944739043712616
[Q] מה הייתה מסופוטמיה? [T] מסופוטמיה הייתה אזור בין הפרת והחידקל שבו התפתחו תרבויות קדומות. [S] מסופוטמיה הייתה אזור הררי גבוה באירופה שבו חיו שבטים נודדים בלבד ללא ערים.,0.2,0.66,0.1811545342206955
[Q] מה הייתה מסופוטמיה? [T] מסופוטמיה הייתה אזור בין שני נהרות מרכזיים שבו התפתחו ציוויליזציות קדומות. [S] מסופוטמיה הייתה אזור מדברי קר בצפון אמריקה שבו לא התפתחו ערים כלל.,0.3,0.48,0.13799719512462616
[Q] מה הייתה האימפריה הבבלית? [T] האימפריה הבבלית הייתה אימפריה עתיקה במסופוטמיה הידועה בחוקי חמורבי ובפיתוחים עירוניים. [S] האימפריה הבבלית הייתה אימפריה עתיקה במסופוטמיה שהתפתחה סביב ערים מרכזיות וחוקים כתובים כמו חוקי חמורבי.,0.6,0.81,0.9501607418060303
[Q] מה הייתה האימפריה הבבלית? [T] האימפריה הבבלית התבססה במסופוטמיה והשפיעה על משפט וארגון עירוני. [S] האימפריה הבבלית הייתה שבט קטן ללא ערים או חוקים כתובים שחי רק בנדידה.,0.2,0.53,0.20234183967113495
[Q] מה הייתה האימפריה הבבלית? [T] האימפריה הבבלית הייתה תרבות עתיקה במסופוטמיה. [S] האימפריה הבבלית הייתה תרבות שהתפתחה באמריקה הדרומית והשפיעה על תרבויות האינקה.,0.2,0.94,0.4402618110179901
[Q] מה הייתה האימפריה האשורית? [T] האימפריה האשורית הייתה אימפריה צבאית חזקה במסופוטמיה שהתאפיינה בכיבושים נרחבים. [S] האימפריה האשורית הייתה אימפריה צבאית במסופוטמיה שהתפשטה באמצעות כיבושים ומערכת שלטון ריכוזית.,0.6,1.0,0.948206901550293
[Q] מה הייתה האימפריה האשורית? [T] האימפריה האשורית הייתה אימפריה עתיקה במסופוטמיה עם צבא חזק. [S] האימפריה האשורית הייתה קבוצה קטנה של ערים ללא צבא מאורגן וללא שלטון מרכזי.,0.3,0.92,0.218948632478714
[Q] מה הייתה האימפריה האשורית? [T] האימפריה האשורית הייתה אימפריה במסופוטמיה. [S] האימפריה האשורית הייתה תרבות שהתפתחה באירופה הצפונית והתבססה על קרח ושלג.,0.2,0.91,0.14742200076580048
[Q] מה הייתה התרבות הפיניקית? [T] הפיניקים היו עם קדום שהתמחה במסחר ימי ופיתוח האלפבית הקדום. [S] הפיניקים היו עם קדום שהתמחה במסחר ימי ופיתוח שיטות כתב מוקדמות והשפיעו על הים התיכון.,0.6,0.97,0.894826352596283
[Q] מה הייתה התרבות הפיניקית? [T] הפיניקים עסקו במסחר ימי ופיתחו מערכת כתב. [S] הפיניקים היו עם חקלאי בלבד שלא עסק כלל במסחר ימי ולא פיתח כתב.,0.2,0.4,0.20799747109413147
[Q] מה הייתה התרבות הפיניקית? [T] הפיניקים היו עם קדום באזור הים התיכון. [S] הפיניקים היו עם שהתפתח בדרום אמריקה והקים אימפריות בהרים הגבוהים.,0.2,0.83,0.3417065441608429
[Q] מהי האימפריה הרומית המערבית? [T] האימפריה הרומית המערבית התפרקה בשנת 476 לספירה בעקבות לחצים פנימיים וחיצוניים. [S] האימפריה הרומית המערבית התפרקה בשנת 476 לספירה לאחר תהליכים של היחלשות שלטונית ופלישות שבטים.,0.6,1.0,0.9887048006057739
[Q] מהי האימפריה הרומית המערבית? [T] האימפריה הרומית המערבית התפרקה בסוף העת העתיקה. [S] האימפריה הרומית המערבית הפכה לאימפריה מודרנית באירופה בשנת 1900.,0.2,0.61,0.7274945378303528
"[Q] מה הייתה יוון העתיקה? [T] יוון העתיקה הייתה ציוויליזציה באזור הים התיכון שתרמה רבות לפילוסופיה, דמוקרטיה ואמנות. [S] יוון העתיקה הייתה תרבות שהתפתחה באזור הים התיכון והשפיעה על רעיונות של פילוסופיה ודמוקרטיה.",0.6,0.92,0.9642904996871948
[Q] מה הייתה יוון העתיקה? [T] יוון העתיקה הייתה ציוויליזציה שהתפתחה בים התיכון והיוותה בסיס לתרבות המערב. [S] יוון העתיקה הייתה אזור חקלאי קטן ללא ערים משמעותיות וללא השפעה תרבותית.,0.2,0.32,0.14209312200546265
[Q] מה הייתה יוון העתיקה? [T] יוון העתיקה תרמה לפיתוח רעיונות פוליטיים ופילוסופיים. [S] יוון העתיקה הייתה תרבות שהתפתחה בדרום אמריקה והייתה קשורה לאימפריית האינקה.,0.2,0.83,0.14413294196128845
[Q] מה הייתה האימפריה הפרסית? [T] האימפריה הפרסית הייתה אימפריה גדולה במזרח התיכון שהתאפיינה בשלטון מרכזי וארגון מנהלי מתקדם. [S] האימפריה הפרסית הייתה אימפריה גדולה במזרח התיכון עם מערכת שלטון מסודרת שחיברה אזורים רבים.,0.6,0.8,0.8653993606567383
[Q] מה הייתה האימפריה הפרסית? [T] האימפריה הפרסית הייתה אימפריה במזרח התיכון עם מבנה שלטוני מאורגן. [S] האימפריה הפרסית הייתה קבוצה קטנה של שבטים ללא שלטון מרכזי שהתפזרה באזורים שונים.,0.3,0.63,0.23718369007110596
[Q] מה הייתה האימפריה הפרסית? [T] האימפריה הפרסית הייתה אימפריה עתיקה במזרח התיכון. [S] האימפריה הפרסית הייתה אימפריה שהתפתחה באירופה הצפונית והתבססה על קרחונים ונהרות קפואים.,0.2,0.81,0.25607171654701233
"[Q] מה הייתה מצרים העתיקה? [T] מצרים העתיקה הייתה ציוויליזציה שהתפתחה לאורך נהר הנילוס ועסקה בבנייה, דת ושלטון מרכזי. [S] מצרים העתיקה הייתה תרבות שהתפתחה לאורך הנילוס והייתה ידועה בפירמידות ובשלטון חזק.",0.6,0.92,0.8655710816383362
[Q] מה הייתה מצרים העתיקה? [T] מצרים העתיקה הייתה ציוויליזציה מפותחת לאורך הנילוס. [S] מצרים העתיקה הייתה קבוצה קטנה של נוודים שחיו במדבר ללא ערים או שלטון מסודר.,0.2,0.5,0.1702995002269745
[Q] מה הייתה מצרים העתיקה? [T] מצרים העתיקה הייתה תרבות לאורך הנילוס. [S] מצרים העתיקה הייתה מדינה מודרנית באירופה שהתפתחה במאה ה־19.,0.2,0.54,0.12943768501281738
[Q] מה הייתה האימפריה הבבלית? [T] האימפריה הבבלית הייתה אימפריה במסופוטמיה שהתפתחה סביב ערים וחוקים כתובים. [S] האימפריה הבבלית הייתה אימפריה במסופוטמיה עם ערים מרכזיות וחוקי חמורבי.,0.6,0.99,0.9430275559425354
[Q] מה הייתה האימפריה הבבלית? [T] האימפריה הבבלית הייתה אימפריה עתיקה במסופוטמיה. [S] האימפריה הבבלית הייתה שבט קטן שחי באזורים קפואים ללא ערים.,0.2,0.91,0.15849104523658752
[Q] מה הייתה האימפריה הבבלית? [T] האימפריה הבבלית הייתה תרבות במסופוטמיה. [S] האימפריה הבבלית הייתה תרבות שהתפתחה באמריקה הדרומית והייתה חלק מהאימפריה האצטקית.,0.2,0.94,0.36873820424079895
[Q] מה הייתה האימפריה האשורית? [T] האימפריה האשורית הייתה אימפריה צבאית חזקה במסופוטמיה שהתבססה על כיבושים ומערכת שלטון ריכוזית. [S] האימפריה האשורית הייתה אימפריה צבאית במסופוטמיה עם כיבושים וממשל מרכזי חזק.,0.6,0.93,0.9218053817749023
[Q] מה הייתה האימפריה האשורית? [T] האימפריה האשורית הייתה אימפריה עתיקה במסופוטמיה. [S] האימפריה האשורית הייתה קבוצה קטנה של ערים ללא צבא וללא שלטון מרכזי.,0.3,0.91,0.17801044881343842
[Q] מה הייתה האימפריה האשורית? [T] האימפריה האשורית הייתה אימפריה במסופוטמיה. [S] האימפריה האשורית הייתה תרבות שהתפתחה במזרח אסיה הרחוק ללא קשר למזרח התיכון.,0.2,0.91,0.1344478577375412
[Q] מה הייתה התרבות המינואית? [T] התרבות המינואית התפתחה בכרתים ונחשבת לאחת התרבויות הקדומות באירופה עם ארמונות ומסחר ימי. [S] התרבות המינואית התפתחה בכרתים והייתה תרבות ימית קדומה עם מרכזי מסחר וארמונות גדולים.,0.6,0.56,0.9483643770217896
[Q] מה הייתה התרבות המינואית? [T] התרבות המינואית התפתחה בכרתים בתקופה העתיקה. [S] התרבות המינואית הייתה תרבות מדברית במזרח התיכון שהתבססה על גידול גמלים.,0.2,0.66,0.15280935168266296
[Q] מה הייתה התרבות המינואית? [T] התרבות המינואית הייתה תרבות קדומה בכרתים. [S] התרבות המינואית התפתחה בכרתים והייתה חלק מהאימפריה הרומית המאוחרת.,0.3,0.91,0.618807315826416
[Q] מה הייתה האימפריה ההלניסטית? [T] האימפריה ההלניסטית נוצרה לאחר כיבושי אלכסנדר הגדול והפיצה את התרבות היוונית באזורים נרחבים. [S] האימפריה ההלניסטית התפתחה לאחר כיבושי אלכסנדר הגדול והשפיעה על הפצת התרבות היוונית במזרח התיכון.,0.6,0.8,0.8985384702682495
[Q] מה הייתה האימפריה ההלניסטית? [T] האימפריה ההלניסטית נוצרה לאחר כיבושי אלכסנדר הגדול. [S] האימפריה ההלניסטית הייתה אימפריה מודרנית באירופה שהתפתחה במאה ה־18.,0.2,0.68,0.42243385314941406
[Q] מה הייתה האימפריה ההלניסטית? [T] האימפריה ההלניסטית התבססה על תרבות יוונית לאחר כיבושי אלכסנדר. [S] האימפריה ההלניסטית הייתה קבוצה של שבטים נוודים ללא ערים או שלטון מרכזי.,0.3,0.63,0.15730886161327362
[Q] מה הייתה האימפריה הרומית המזרחית (ביזנטיון)? [T] האימפריה הביזנטית הייתה המשכה של האימפריה הרומית במזרח ושמרה על תרבות רומית ויוונית. [S] האימפריה הביזנטית המשיכה את המסורת הרומית במזרח ושילבה תרבות יוונית ורומית.,0.6,0.96,0.9277398586273193
[Q] מה הייתה האימפריה הרומית המזרחית (ביזנטיון)? [T] האימפריה הביזנטית הייתה המשך של רומא במזרח. [S] האימפריה הביזנטית הייתה ממלכה קטנה בצפון אירופה שהתבססה על חקלאות בלבד.,0.2,0.59,0.19982628524303436
[Q] מה הייתה האימפריה הרומית המזרחית (ביזנטיון)? [T] ביזנטיון הייתה המשך של האימפריה הרומית. [S] ביזנטיון הייתה תרבות שהתפתחה בדרום אמריקה והייתה חלק מאימפריית האינקה.,0.2,0.61,0.1443825513124466
[Q] מה הייתה המהפכה החקלאית הקדומה? [T] המהפכה החקלאית הייתה מעבר של בני אדם מחיי נוודות לחקלאות והתיישבות קבע. [S] המהפכה החקלאית הייתה מעבר של בני אדם לחקלאות והתיישבות קבע עם פיתוח יישובים.,0.6,0.91,0.9665952920913696
[Q] מה הייתה המהפכה החקלאית הקדומה? [T] המהפכה החקלאית הייתה מעבר לחקלאות ולחיים יושבי קבע. [S] המהפכה החקלאית הייתה תקופה שבה בני אדם הפסיקו להשתמש באדמה ועברו לחיים בים בלבד.,0.2,0.67,0.2586164176464081
[Q] מה הייתה המהפכה החקלאית הקדומה? [T] המהפכה החקלאית הייתה שינוי מאורח חיים נוודי לחקלאות. [S] המהפכה החקלאית התרחשה באירופה המודרנית במאה ה־20 בלבד.,0.3,0.56,0.18102934956550598
[Q] מה הייתה תרבות האינקה? [T] תרבות האינקה התפתחה בדרום אמריקה והייתה אימפריה מתקדמת עם מערכת כבישים וחקלאות הררית. [S] תרבות האינקה התפתחה בדרום אמריקה והייתה אימפריה עם מערכת כבישים וחקלאות מתקדמת בהרים.,0.6,1.0,0.9920182824134827
[Q] מה הייתה תרבות האינקה? [T] תרבות האינקה התפתחה בדרום אמריקה. [S] תרבות האינקה הייתה תרבות שהתפתחה באירופה העתיקה והשפיעה על רומא.,0.2,0.91,0.227023646235466
[Q] מה הייתה תרבות האינקה? [T] תרבות האינקה הייתה אימפריה בדרום אמריקה. [S] תרבות האינקה הייתה קבוצה קטנה של שבטים באפריקה ללא ערים או ארגון.,0.2,0.54,0.12049611657857895
[Q] הסבר מהי מסופוטמיה העתיקה. [T] מסופוטמיה הייתה אזור בין נהרות הפרת והחידקל שבו התפתחו ציוויליזציות קדומות. [S] מסופוטמיה היא אזור בין הפרת והחידקל שבו קמו תרבויות קדומות עם ערים ושלטון.,0.6,0.53,0.8667511343955994
[Q] הסבר מהי מסופוטמיה העתיקה. [T] מסופוטמיה הייתה אזור בין שני נהרות מרכזיים שבו התפתחו תרבויות ראשונות. [S] מסופוטמיה היא אזור הררי גבוה באירופה שבו חיו שבטים נוודים בלבד.,0.2,0.35,0.17779238522052765
[Q] הסבר מהי מסופוטמיה העתיקה. [T] מסופוטמיה היא אזור בין הפרת והחידקל. [S] מסופוטמיה היא אזור מדברי קפוא בצפון אמריקה ללא נהרות כלל.,0.2,0.76,0.08572480082511902
"[Q] כיצד התפתחה האימפריה הרומית? [T] האימפריה הרומית התפתחה מאזור איטליה והפכה לאימפריה גדולה ששלטה באזורים רבים. [S] האימפריה הרומית החלה באיטליה והתרחבה לאירופה, צפון אפריקה והמזרח התיכון.",0.6,0.66,0.9510073065757751
[Q] כיצד התפתחה האימפריה הרומית? [T] רומא התפתחה מאיטליה והפכה לאימפריה רחבת ידיים. [S] האימפריה הרומית נוצרה בדרום אמריקה והתבססה על תרבות האינקה.,0.2,0.0,0.24535875022411346
[Q] כיצד התפתחה האימפריה הרומית? [T] רומא התפתחה לאימפריה גדולה באירופה העתיקה. [S] רומא הייתה עיר קטנה בלבד ללא התרחבות וללא שליטה על שטחים נוספים.,0.3,0.56,0.2592722773551941
"[Q] מה ניתן לומר על מצרים העתיקה? [T] מצרים העתיקה הייתה ציוויליזציה שהתפתחה לאורך הנילוס ויצרה תרבות, דת ושלטון מרכזי. [S] מצרים העתיקה התפתחה לאורך נהר הנילוס והייתה ידועה בפירמידות ובשלטון מרכזי חזק.",0.6,0.46,0.8685569167137146
[Q] מה ניתן לומר על מצרים העתיקה? [T] מצרים העתיקה התפתחה לאורך הנילוס. [S] מצרים העתיקה הייתה תרבות שהתפתחה באירופה הצפונית והייתה מבוססת על קרחונים.,0.2,0.83,0.12189014256000519
[Q] מה ניתן לומר על מצרים העתיקה? [T] מצרים העתיקה הייתה תרבות לאורך הנילוס. [S] מצרים העתיקה הייתה קבוצה קטנה של נוודים ללא ערים או מבנים גדולים.,0.2,0.54,0.13609352707862854
[Q] באיזה אופן פעלה האימפריה הבבלית? [T] האימפריה הבבלית התבססה במסופוטמיה והתאפיינה בחוקים כתובים כמו חוקי חמורבי. [S] האימפריה הבבלית פעלה במסופוטמיה והייתה ידועה בחוקי חמורבי ובערים מרכזיות.,0.6,0.69,0.9292933344841003
[Q] באיזה אופן פעלה האימפריה הבבלית? [T] בבל הייתה אימפריה במסופוטמיה עם חוקים וערים. [S] האימפריה הבבלית הייתה שבט נוודים ללא ערים וללא מערכת חוקים מסודרת.,0.2,0.64,0.42004749178886414
[Q] באיזה אופן פעלה האימפריה הבבלית? [T] בבל הייתה אימפריה עתיקה במסופוטמיה. [S] האימפריה הבבלית הייתה תרבות שהתפתחה באמריקה הדרומית ולא הייתה קשורה למזרח התיכון.,0.2,0.43,0.1532796174287796
"[Q] מה מאפיין את יוון העתיקה? [T] יוון העתיקה תרמה לפילוסופיה, דמוקרטיה ואמנות. [S] יוון העתיקה תרמה להתפתחות פילוסופיה, דמוקרטיה ואמנות באזור הים התיכון.",0.6,1.0,0.9320707321166992
[Q] מה מאפיין את יוון העתיקה? [T] יוון העתיקה השפיעה על תרבות המערב. [S] יוון העתיקה הייתה אזור חקלאי קטן ללא תרומה תרבותית משמעותית לעולם העתיק.,0.2,0.6,0.21356523036956787
[Q] מה מאפיין את יוון העתיקה? [T] יוון העתיקה הייתה תרבות עתיקה בים התיכון. [S] יוון העתיקה הייתה מדינה מודרנית שהתפתחה במאה ה־21.,0.2,0.52,0.4167499244213104
[Q] כיצד נראתה האימפריה הפרסית? [T] האימפריה הפרסית הייתה אימפריה גדולה במזרח התיכון עם מערכת שלטון מסודרת. [S] האימפריה הפרסית הייתה אימפריה במזרח התיכון שהתבססה על שלטון מרכזי ומנהלי.,0.6,0.93,0.8494593501091003
[Q] כיצד נראתה האימפריה הפרסית? [T] האימפריה הפרסית הייתה אימפריה מאורגנת במזרח התיכון. [S] האימפריה הפרסית הייתה קבוצת שבטים ללא שלטון מרכזי וללא ארגון.,0.2,0.81,0.24584868550300598
[Q] כיצד נראתה האימפריה הפרסית? [T] האימפריה הפרסית הייתה אימפריה עתיקה במזרח התיכון. [S] האימפריה הפרסית הייתה תרבות שהתפתחה באירופה הצפונית ולא במזרח התיכון.,0.2,0.81,0.14541824162006378
[Q] מהי התרבות הפיניקית? [T] הפיניקים היו עם קדום שהתמחה במסחר ימי ופיתוח כתב אלפביתי מוקדם באזור הים התיכון. [S] הפיניקים היו עם ימי שהתמחה במסחר לאורך הים התיכון ופיתח מערכות כתב קדומות.,0.6,0.9,0.9763753414154053
[Q] מהי התרבות הפיניקית? [T] הפיניקים היו עם קדום בים התיכון שעסק במסחר ימי. [S] הפיניקים היו עם חקלאי בלבד ללא מסחר ימי וללא שימוש בכתב.,0.2,0.84,0.15560397505760193
[Q] מהי התרבות הפיניקית? [T] הפיניקים פעלו באזור הים התיכון בעת העתיקה. [S] הפיניקים היו תרבות שהתפתחה באמריקה הדרומית והקימה אימפריות הרריות.,0.2,0.6,0.20162111520767212
[Q] מה הייתה התרבות המצרית העתיקה? [T] מצרים העתיקה התפתחה לאורך נהר הנילוס והייתה ידועה בפירמידות ובשלטון מרכזי חזק. [S] מצרים העתיקה התפתחה לאורך הנילוס והייתה ציוויליזציה עם פירמידות ושלטון מרכזי.,0.6,0.97,0.8930041193962097
[Q] מה הייתה התרבות המצרית העתיקה? [T] מצרים העתיקה התפתחה לאורך הנילוס. [S] מצרים העתיקה הייתה תרבות שהתפתחה באירופה הצפונית והייתה מבוססת על שלג וקרח.,0.2,0.83,0.12846355140209198
[Q] מה הייתה התרבות המצרית העתיקה? [T] מצרים העתיקה הייתה תרבות לאורך הנילוס. [S] מצרים העתיקה הייתה קבוצת שבטים נוודים ללא ערים וללא מבנים גדולים.,0.2,0.54,0.1501297801733017
"[Q] מהי יוון העתיקה מבחינה תרבותית? [T] יוון העתיקה תרמה לפילוסופיה, דמוקרטיה ואמנות והשפיעה על העולם המערבי. [S] יוון העתיקה השפיעה על פילוסופיה, דמוקרטיה ואמנות באזור הים התיכון.",0.6,0.67,0.9335905313491821
[Q] מהי יוון העתיקה מבחינה תרבותית? [T] יוון העתיקה תרמה לפילוסופיה ודמוקרטיה. [S] יוון העתיקה הייתה אזור חקלאי קטן ללא כל תרומה תרבותית משמעותית לעולם העתיק.,0.2,0.91,0.09855207800865173
[Q] מהי יוון העתיקה מבחינה תרבותית? [T] יוון העתיקה הייתה תרבות עתיקה בים התיכון. [S] יוון העתיקה הייתה מדינה מודרנית שהתפתחה במאה ה־21 באירופה.,0.2,0.52,0.34118372201919556
[Q] כיצד התנהלה האימפריה האשורית? [T] האימפריה האשורית הייתה אימפריה צבאית חזקה במסופוטמיה שהתבססה על כיבושים ומנהל מרכזי. [S] האימפריה האשורית הייתה אימפריה צבאית במסופוטמיה עם צבא חזק ומערכת שלטון מרכזית.,0.6,0.86,0.9215170741081238
[Q] כיצד התנהלה האימפריה האשורית? [T] אשור הייתה אימפריה במסופוטמיה עם כוח צבאי גדול. [S] האימפריה האשורית הייתה קבוצת שבטים קטנה ללא צבא מאורגן וללא שלטון מרכזי.,0.2,0.88,0.38763681054115295
[Q] כיצד התנהלה האימפריה האשורית? [T] אשור הייתה אימפריה עתיקה במסופוטמיה. [S] האימפריה האשורית הייתה תרבות שהתפתחה באירופה הצפונית ולא קשורה למזרח התיכון.,0.2,0.88,0.1468937247991562
[Q] מה ניתן לומר על האימפריה ההלניסטית? [T] האימפריה ההלניסטית נוצרה לאחר כיבושי אלכסנדר הגדול והפיצה תרבות יוונית באזורים נרחבים. [S] האימפריה ההלניסטית התפתחה לאחר כיבושי אלכסנדר הגדול והפיצה תרבות יוונית במזרח התיכון.,0.6,0.78,0.9224010705947876
[Q] מה ניתן לומר על האימפריה ההלניסטית? [T] האימפריה ההלניסטית התבססה על תרבות יוונית לאחר אלכסנדר הגדול. [S] האימפריה ההלניסטית הייתה קבוצה קטנה של ערים ללא השפעה תרבותית וללא שלטון מרכזי.,0.2,0.66,0.2040398120880127
[Q] מה ניתן לומר על האימפריה ההלניסטית? [T] האימפריה ההלניסטית הייתה תקופה היסטורית חשובה. [S] האימפריה ההלניסטית הייתה מדינה מודרנית באירופה שהתפתחה במאה ה־19.,0.2,0.61,0.2605212926864624
[Q] הסבר את משמעות המהפכה החקלאית הקדומה. [T] המהפכה החקלאית הייתה מעבר של בני אדם מחיי נדודים לחיי קבע והתבססות על חקלאות. [S] המהפכה החקלאית הייתה שינוי מאורח חיים נוודי להתיישבות קבע וחיים חקלאיים.,0.6,0.72,0.9331498742103577
[Q] הסבר את משמעות המהפכה החקלאית הקדומה. [T] המהפכה החקלאית הייתה מעבר לחקלאות וליישובי קבע. [S] המהפכה החקלאית הייתה תקופה שבה בני אדם הפסיקו להשתמש באדמה ועברו לחיים בים בלבד.,0.2,0.79,0.2663915455341339
[Q] הסבר את משמעות המהפכה החקלאית הקדומה. [T] המהפכה החקלאית שינתה את אורח החיים של האדם הקדמון. [S] המהפכה החקלאית התרחשה באירופה המודרנית במאה ה־20 בלבד.,0.3,0.37,0.1957150399684906
[Q] מה ניתן ללמוד על תרבות האינקה? [T] תרבות האינקה התפתחה בדרום אמריקה והייתה אימפריה עם מערכת כבישים וחקלאות הררית מתקדמת. [S] תרבות האינקה התפתחה בדרום אמריקה והייתה אימפריה עם מערכת כבישים וחקלאות בהרים.,0.6,1.0,0.9343174695968628
[Q] מה ניתן ללמוד על תרבות האינקה? [T] תרבות האינקה הייתה אימפריה בדרום אמריקה שהתבססה על חקלאות הררית. [S] תרבות האינקה הייתה תרבות שהתפתחה באירופה העתיקה והשפיעה על רומא.,0.2,0.5,0.19011898338794708
[Q] מה ניתן ללמוד על תרבות האינקה? [T] תרבות האינקה הייתה אימפריה עתיקה בדרום אמריקה. [S] תרבות האינקה הייתה קבוצה קטנה של שבטים באפריקה ללא ערים וללא שלטון מרכזי.,0.2,0.5,0.17513194680213928
"[Q] כיצד תיארו את החיים במסופוטמיה? [T] במסופוטמיה התפתחו מהציוויליזציות הראשונות עם ערים, כתב ושלטון מאורגן. [S] במסופוטמיה התפתחו ערים קדומות, כתב ושלטון מרכזי בין נהרות הפרת והחידקל.",0.6,1.0,0.815942108631134
[Q] כיצד תיארו את החיים במסופוטמיה? [T] מסופוטמיה הייתה אזור של תרבויות קדומות בין שני נהרות. [S] מסופוטמיה הייתה אזור הררי קפוא ללא נהרות וללא ערים.,0.2,0.8,0.20392939448356628
[Q] כיצד תיארו את החיים במסופוטמיה? [T] מסופוטמיה הייתה אזור בין הפרת והחידקל. [S] מסופוטמיה הייתה אזור מדברי בצפון אירופה ללא קשר לנהרות מרכזיים.,0.2,0.84,0.12751106917858124
"[Q] באיזה אופן השפיעה מצרים העתיקה על ההיסטוריה? [T] מצרים העתיקה השפיעה דרך דת, אדריכלות כמו פירמידות ושלטון מרכזי לאורך הנילוס. [S] מצרים העתיקה השפיעה דרך פירמידות, דת ושלטון מרכזי שהתפתח לאורך נהר הנילוס.",0.6,0.89,0.9681727290153503
[Q] באיזה אופן השפיעה מצרים העתיקה על ההיסטוריה? [T] מצרים העתיקה הייתה ציוויליזציה חשובה לאורך הנילוס. [S] מצרים העתיקה הייתה תרבות שהתפתחה באירופה הצפונית והתבססה על קרחונים בלבד.,0.2,0.83,0.2576006352901459
[Q] באיזה אופן השפיעה מצרים העתיקה על ההיסטוריה? [T] מצרים העתיקה התפתחה לאורך הנילוס. [S] מצרים העתיקה הייתה קבוצה קטנה של נוודים ללא ערים וללא מבנים גדולים.,0.2,0.6,0.1900346577167511
"[Q] מה מאפיין את יוון העתיקה מבחינה היסטורית? [T] יוון העתיקה תרמה לפילוסופיה, דמוקרטיה ואמנות והשפיעה על העולם המערבי. [S] יוון העתיקה תרמה לפילוסופיה ודמוקרטיה והשפיעה על אזור הים התיכון.",0.6,0.81,0.9054629802703857
[Q] מה מאפיין את יוון העתיקה מבחינה היסטורית? [T] יוון העתיקה הייתה תרבות מרכזית בעולם העתיק. [S] יוון העתיקה הייתה אזור חקלאי קטן ללא השפעה תרבותית משמעותית.,0.2,0.83,0.15924885869026184
[Q] מה מאפיין את יוון העתיקה מבחינה היסטורית? [T] יוון העתיקה הייתה תרבות עתיקה בים התיכון. [S] יוון העתיקה הייתה מדינה מודרנית באירופה שהתפתחה במאה ה־21.,0.2,0.52,0.32387521862983704
[Q] כיצד התנהלה האימפריה הפרסית? [T] האימפריה הפרסית הייתה אימפריה גדולה במזרח התיכון עם מערכת שלטון מסודרת ומנהל מרכזי. [S] האימפריה הפרסית הייתה אימפריה גדולה במזרח התיכון עם שלטון מרכזי ומערכת מנהלית מאורגנת.,0.6,0.96,0.9568176865577698
[Q] כיצד התנהלה האימפריה הפרסית? [T] האימפריה הפרסית הייתה אימפריה מאורגנת במזרח התיכון. [S] האימפריה הפרסית הייתה קבוצה קטנה של שבטים ללא שלטון מרכזי וללא ארגון.,0.2,0.81,0.26271215081214905
[Q] כיצד התנהלה האימפריה הפרסית? [T] האימפריה הפרסית הייתה אימפריה עתיקה במזרח התיכון. [S] האימפריה הפרסית הייתה תרבות שהתפתחה באירופה הצפונית ולא במזרח התיכון.,0.2,0.81,0.14424967765808105
[Q] כיצד ניתן להגדיר את התרבות הפיניקית? [T] הפיניקים היו עם קדום שהתמחה במסחר ימי ופיתוח כתב אלפביתי מוקדם באזור הים התיכון. [S] הפיניקים היו עם ימי שהתמחה במסחר בים התיכון ופיתח אלפבית קדום שהשפיע על שיטות כתב.,0.6,0.9,0.9636229872703552
[Q] כיצד ניתן להגדיר את התרבות הפיניקית? [T] הפיניקים היו עם קדום באזור הים התיכון שעסק במסחר ימי. [S] הפיניקים היו עם שהתבסס על חקלאות בלבד ולא עסק כלל במסחר ימי או בפיתוח כתב.,0.2,0.84,0.2152426689863205
[Q] כיצד ניתן להגדיר את התרבות הפיניקית? [T] הפיניקים פעלו באזור הים התיכון בעת העתיקה. [S] הפיניקים היו תרבות שהתפתחה באמריקה הדרומית והשפיעה על תרבויות האנדים.,0.2,0.6,0.25879189372062683
"[Q] מה ניתן להסיק על מצרים העתיקה? [T] מצרים העתיקה התפתחה לאורך נהר הנילוס והייתה ידועה בפירמידות, דת ושלטון מרכזי חזק. [S] מצרים העתיקה התפתחה לאורך הנילוס והייתה ציוויליזציה עם פירמידות ושלטון מרכזי חזק.",0.6,0.94,0.8870812058448792
[Q] מה ניתן להסיק על מצרים העתיקה? [T] מצרים העתיקה הייתה ציוויליזציה שהתפתחה לאורך הנילוס. [S] מצרים העתיקה הייתה קבוצה קטנה של נוודים ללא ערים וללא מבנים משמעותיים.,0.2,0.56,0.17073455452919006
[Q] מה ניתן להסיק על מצרים העתיקה? [T] מצרים העתיקה הייתה תרבות עתיקה לאורך הנילוס. [S] מצרים העתיקה הייתה מדינה מודרנית באירופה שהתפתחה במאה ה־19.,0.2,0.5,0.18901371955871582
"[Q] באיזה אופן פעלה יוון העתיקה? [T] יוון העתיקה הייתה תרבות שהשפיעה על פילוסופיה, דמוקרטיה ואמנות בעולם העתיק. [S] יוון העתיקה תרמה לפילוסופיה, דמוקרטיה ואמנות באזור הים התיכון והשפיעה על תרבות המערב.",0.6,0.74,0.9078782200813293
[Q] באיזה אופן פעלה יוון העתיקה? [T] יוון העתיקה תרמה לפילוסופיה ודמוקרטיה. [S] יוון העתיקה הייתה אזור חקלאי קטן ללא תרומה תרבותית משמעותית לעולם העתיק.,0.2,0.91,0.16283811628818512
[Q] באיזה אופן פעלה יוון העתיקה? [T] יוון העתיקה הייתה תרבות עתיקה בים התיכון. [S] יוון העתיקה הייתה מדינה מודרנית שהתפתחה במאה ה־21 באירופה.,0.2,0.52,0.42077580094337463
[Q] מה מאפיין את האימפריה האשורית? [T] האימפריה האשורית הייתה אימפריה צבאית חזקה במסופוטמיה שהתבססה על כיבושים ומנהל מרכזי. [S] האימפריה האשורית הייתה אימפריה צבאית במסופוטמיה עם צבא חזק ומערכת שלטון מרכזית.,0.6,0.86,0.9375933408737183
[Q] מה מאפיין את האימפריה האשורית? [T] אשור הייתה אימפריה עתיקה במסופוטמיה. [S] האימפריה האשורית הייתה קבוצת שבטים קטנה ללא צבא מאורגן וללא שלטון מרכזי.,0.2,0.88,0.2874021530151367
[Q] מה מאפיין את האימפריה האשורית? [T] אשור הייתה אימפריה במסופוטמיה. [S] האימפריה האשורית הייתה תרבות שהתפתחה באירופה הצפונית ולא קשורה למזרח התיכון.,0.2,0.87,0.14517605304718018
[Q] כיצד התפתחה האימפריה ההלניסטית? [T] האימפריה ההלניסטית נוצרה לאחר כיבושי אלכסנדר הגדול והפיצה תרבות יוונית באזורים נרחבים. [S] האימפריה ההלניסטית התפתחה לאחר כיבושי אלכסנדר הגדול והפיצה תרבות יוונית במזרח התיכון ובאזורים שכנים.,0.6,0.78,0.9969940781593323
[Q] כיצד התפתחה האימפריה ההלניסטית? [T] האימפריה ההלניסטית התבססה על תרבות יוונית לאחר אלכסנדר הגדול. [S] האימפריה ההלניסטית הייתה קבוצה קטנה של ערים ללא השפעה תרבותית וללא שלטון מרכזי.,0.2,0.66,0.23317931592464447
[Q] כיצד התפתחה האימפריה ההלניסטית? [T] האימפריה ההלניסטית הייתה תקופה היסטורית חשובה. [S] האימפריה ההלניסטית הייתה מדינה מודרנית באירופה שהתפתחה במאה ה־19.,0.2,0.61,0.43597307801246643
"[Q] כיצד ניתן להסביר את תפקידה של מסופוטמיה בהתפתחות הציוויליזציה? [T] מסופוטמיה הייתה אזור בין נהרות הפרת והחידקל שבו התפתחו מהציוויליזציות הראשונות, כולל ערים, כתב ושלטון מאורגן. [S] מסופוטמיה הייתה אזור בין הפרת והחידקל שבו קמו ציוויליזציות קדומות עם ערים, כתב ומערכות שלטון.",0.8,0.95,0.9355216026306152
[Q] כיצד ניתן להסביר את תפקידה של מסופוטמיה בהתפתחות הציוויליזציה? [T] מסופוטמיה הייתה אזור בין שני נהרות מרכזיים שבו התפתחו תרבויות קדומות. [S] מסופוטמיה הייתה אזור הררי בצפון אירופה שבו חיו שבטים נוודים ללא ערים או כתב.,0.2,0.48,0.21623742580413818
[Q] כיצד ניתן להסביר את תפקידה של מסופוטמיה בהתפתחות הציוויליזציה? [T] מסופוטמיה היא אזור בין הפרת והחידקל. [S] מסופוטמיה היא אזור מדברי קפוא בצפון אמריקה ללא נהרות וללא יישובים קדומים.,0.2,0.76,0.1416635364294052
"[Q] מה ניתן לומר על התפתחות האימפריה הרומית? [T] האימפריה הרומית התפתחה מאיטליה והפכה לאימפריה עצומה ששלטה באירופה, צפון אפריקה והמזרח התיכון. [S] האימפריה הרומית התפתחה מאיטליה והתרחבה לאירופה, צפון אפריקה והמזרח התיכון באמצעות כיבושים ושלטון מרכזי.",0.8,1.0,0.9429468512535095
[Q] מה ניתן לומר על התפתחות האימפריה הרומית? [T] רומא החלה באיטליה והתרחבה לאזורים רבים סביב הים התיכון. [S] האימפריה הרומית נוצרה בדרום אמריקה והתבססה על תרבות האינקה.,0.2,0.0,0.22435128688812256
[Q] מה ניתן לומר על התפתחות האימפריה הרומית? [T] רומא הייתה אימפריה עתיקה באירופה. [S] רומא הייתה עיר קטנה בלבד ללא התרחבות וללא מערכת שלטון אימפריאלית.,0.3,0.5,0.20642085373401642
"[Q] באיזה אופן השפיעה מצרים העתיקה על ההיסטוריה האנושית? [T] מצרים העתיקה השפיעה דרך דת, אדריכלות כמו פירמידות ושלטון מרכזי שהתפתח לאורך הנילוס. [S] מצרים העתיקה השפיעה דרך בניית פירמידות, דת ושלטון מרכזי חזק שהתבסס לאורך נהר הנילוס.",0.8,0.89,0.9763631224632263
[Q] באיזה אופן השפיעה מצרים העתיקה על ההיסטוריה האנושית? [T] מצרים העתיקה הייתה ציוויליזציה לאורך הנילוס. [S] מצרים העתיקה הייתה תרבות שהתפתחה באירופה הצפונית והתבססה על קרחונים ונהרות קפואים.,0.2,0.83,0.6217522621154785
"[Q] באיזה אופן השפיעה מצרים העתיקה על ההיסטוריה האנושית? [T] מצרים העתיקה התפתחה לאורך הנילוס. [S] מצרים העתיקה הייתה קבוצה קטנה של נוודים ללא ערים, ללא פירמידות וללא שלטון מרכזי.",0.3,0.6,0.22214633226394653
"[Q] כיצד ניתן לתאר את תרבות יוון העתיקה והשפעתה? [T] יוון העתיקה תרמה לפילוסופיה, דמוקרטיה ואמנות והשפיעה רבות על העולם המערבי. [S] יוון העתיקה תרמה לפילוסופיה, דמוקרטיה ואמנות והשפיעה על תרבות הים התיכון והעולם המערבי.",0.8,1.0,0.9433885812759399
[Q] כיצד ניתן לתאר את תרבות יוון העתיקה והשפעתה? [T] יוון העתיקה הייתה תרבות מרכזית בעולם העתיק. [S] יוון העתיקה הייתה אזור חקלאי קטן ללא ערים משמעותיות וללא השפעה תרבותית.,0.2,0.83,0.17693568766117096
[Q] כיצד ניתן לתאר את תרבות יוון העתיקה והשפעתה? [T] יוון העתיקה הייתה תרבות עתיקה בים התיכון. [S] יוון העתיקה הייתה מדינה מודרנית שהתפתחה במאה ה־21.,0.2,0.52,0.279276967048645
[Q] מהי האימפריה הפרסית וכיצד התנהלה? [T] האימפריה הפרסית הייתה אימפריה גדולה במזרח התיכון עם מערכת שלטון מסודרת ומנהל מרכזי מתקדם. [S] האימפריה הפרסית הייתה אימפריה גדולה במזרח התיכון עם מערכת שלטון מאורגנת ומנהל מרכזי ששלט על אזורים רבים.,0.8,1.0,0.9193211793899536
[Q] מהי האימפריה הפרסית וכיצד התנהלה? [T] האימפריה הפרסית הייתה אימפריה מאורגנת במזרח התיכון. [S] האימפריה הפרסית הייתה קבוצת שבטים קטנה ללא שלטון מרכזי וללא ארגון מדיני.,0.2,0.81,0.2840357720851898
[Q] מהי האימפריה הפרסית וכיצד התנהלה? [T] האימפריה הפרסית הייתה אימפריה עתיקה במזרח התיכון. [S] האימפריה הפרסית הייתה תרבות שהתפתחה באירופה הצפונית ולא הייתה קשורה למזרח התיכון.,0.2,0.81,0.1142280176281929
"[Q] כיצד ניתן להסביר את תפקידה של מסופוטמיה בהתפתחות הציוויליזציה? [T] מסופוטמיה הייתה אזור בין נהרות הפרת והחידקל שבו התפתחו מהציוויליזציות הראשונות, כולל ערים, כתב ושלטון מאורגן. [S] מסופוטמיה הייתה אזור בין הפרת והחידקל שבו קמו ציוויליזציות קדומות עם ערים, כתב ומערכות שלטון.",0.8,0.95,0.9355216026306152
[Q] כיצד ניתן להסביר את תפקידה של מסופוטמיה בהתפתחות הציוויליזציה? [T] מסופוטמיה הייתה אזור בין שני נהרות מרכזיים שבו התפתחו תרבויות קדומות. [S] מסופוטמיה הייתה אזור הררי בצפון אירופה שבו חיו שבטים נוודים ללא ערים או כתב.,0.2,0.48,0.21623742580413818
[Q] כיצד ניתן להסביר את תפקידה של מסופוטמיה בהתפתחות הציוויליזציה? [T] מסופוטמיה היא אזור בין הפרת והחידקל. [S] מסופוטמיה היא אזור מדברי קפוא בצפון אמריקה ללא נהרות וללא יישובים קדומים.,0.2,0.76,0.1416635364294052
"[Q] מה ניתן לומר על התפתחות האימפריה הרומית? [T] האימפריה הרומית התפתחה מאיטליה והפכה לאימפריה עצומה ששלטה באירופה, צפון אפריקה והמזרח התיכון. [S] האימפריה הרומית התפתחה מאיטליה והתרחבה לאירופה, צפון אפריקה והמזרח התיכון באמצעות כיבושים ושלטון מרכזי.",0.8,1.0,0.9429468512535095
[Q] מה ניתן לומר על התפתחות האימפריה הרומית? [T] רומא החלה באיטליה והתרחבה לאזורים רבים סביב הים התיכון. [S] האימפריה הרומית נוצרה בדרום אמריקה והתבססה על תרבות האינקה.,0.2,0.0,0.22435128688812256
[Q] מה ניתן לומר על התפתחות האימפריה הרומית? [T] רומא הייתה אימפריה עתיקה באירופה. [S] רומא הייתה עיר קטנה בלבד ללא התרחבות וללא מערכת שלטון אימפריאלית.,0.3,0.5,0.20642085373401642
"[Q] באיזה אופן השפיעה מצרים העתיקה על ההיסטוריה האנושית? [T] מצרים העתיקה השפיעה דרך דת, אדריכלות כמו פירמידות ושלטון מרכזי שהתפתח לאורך הנילוס. [S] מצרים העתיקה השפיעה דרך בניית פירמידות, דת ושלטון מרכזי חזק שהתבסס לאורך נהר הנילוס.",0.8,0.89,0.9763631224632263
[Q] באיזה אופן השפיעה מצרים העתיקה על ההיסטוריה האנושית? [T] מצרים העתיקה הייתה ציוויליזציה לאורך הנילוס. [S] מצרים העתיקה הייתה תרבות שהתפתחה באירופה הצפונית והתבססה על קרחונים ונהרות קפואים.,0.2,0.83,0.6217522621154785
"[Q] באיזה אופן השפיעה מצרים העתיקה על ההיסטוריה האנושית? [T] מצרים העתיקה התפתחה לאורך הנילוס. [S] מצרים העתיקה הייתה קבוצה קטנה של נוודים ללא ערים, ללא פירמידות וללא שלטון מרכזי.",0.3,0.6,0.22214633226394653
"[Q] כיצד ניתן לתאר את תרבות יוון העתיקה והשפעתה? [T] יוון העתיקה תרמה לפילוסופיה, דמוקרטיה ואמנות והשפיעה רבות על העולם המערבי. [S] יוון העתיקה תרמה לפילוסופיה, דמוקרטיה ואמנות והשפיעה על תרבות הים התיכון והעולם המערבי.",0.8,1.0,0.9433885812759399
[Q] כיצד ניתן לתאר את תרבות יוון העתיקה והשפעתה? [T] יוון העתיקה הייתה תרבות מרכזית בעולם העתיק. [S] יוון העתיקה הייתה אזור חקלאי קטן ללא ערים משמעותיות וללא השפעה תרבותית.,0.2,0.83,0.17693568766117096
[Q] כיצד ניתן לתאר את תרבות יוון העתיקה והשפעתה? [T] יוון העתיקה הייתה תרבות עתיקה בים התיכון. [S] יוון העתיקה הייתה מדינה מודרנית שהתפתחה במאה ה־21.,0.2,0.52,0.279276967048645
[Q] מהי האימפריה הפרסית וכיצד התנהלה? [T] האימפריה הפרסית הייתה אימפריה גדולה במזרח התיכון עם מערכת שלטון מסודרת ומנהל מרכזי מתקדם. [S] האימפריה הפרסית הייתה אימפריה גדולה במזרח התיכון עם מערכת שלטון מאורגנת ומנהל מרכזי ששלט על אזורים רבים.,0.8,1.0,0.9193211793899536
"[Q] מה ניתן ללמוד על מבנה החברה במצרים העתיקה? [T] במצרים העתיקה התקיימה חברה היררכית עם פרעה בראש, אחריו כהנים, פקידים ואיכרים. [S] במצרים העתיקה הייתה חברה מסודרת עם פרעה בראש והיררכיה של כהנים, פקידים ואיכרים.",0.8,0.73,0.888728678226471
[Q] מה ניתן ללמוד על מבנה החברה במצרים העתיקה? [T] החברה במצרים הייתה בנויה ממעמדות שונים תחת שלטון פרעה. [S] החברה במצרים העתיקה הייתה מורכבת ממעמדות שונים ללא שלטון מרכזי כלל.,0.3,0.64,0.37204280495643616
[Q] מה ניתן ללמוד על מבנה החברה במצרים העתיקה? [T] במצרים העתיקה התקיימה מערכת שלטונית ומעמדית. [S] במצרים העתיקה לא היו מעמדות מסודרים והכול התנהל כשבטים נודדים.,0.2,0.0,0.2719367444515228
[Q] כיצד התפתחה הכתיבה במסופוטמיה? [T] במסופוטמיה התפתחה הכתב היתדות כאחת ממערכות הכתב הראשונות בעולם. [S] במסופוטמיה התפתח כתב יתדות קדום ששימש לניהול מסחר ורישום.,0.8,0.53,0.8797792792320251
[Q] כיצד התפתחה הכתיבה במסופוטמיה? [T] הכתב במסופוטמיה שימש לתיעוד עסקי ומשפטי. [S] הכתב במסופוטמיה שימש בעיקר לציור מפות מודרניות של מדינות.,0.2,1.0,0.29385367035865784
[Q] כיצד התפתחה הכתיבה במסופוטמיה? [T] במסופוטמיה פותחה מערכת כתב קדומה. [S] במסופוטמיה לא הייתה כתיבה כלל והכול עבר בעל פה בלבד.,0.3,0.0,0.17286385595798492
[Q] מה מאפיין את התרבות הפיניקית מבחינה היסטורית? [T] הפיניקים היו סוחרים ימיים שפעלו בים התיכון ופיתחו אלפבית מוקדם. [S] הפיניקים היו עם ימי שפיתח אלפבית קדום ועסק במסחר ימי בים התיכון.,0.8,0.98,0.9797511100769043
[Q] מה מאפיין את התרבות הפיניקית מבחינה היסטורית? [T] הפיניקים עסקו במסחר ימי ופיתוח כתב. [S] הפיניקים היו חקלאים בלבד ללא קשר לים וללא מערכות כתב.,0.2,0.69,0.19641119241714478
[Q] מה מאפיין את התרבות הפיניקית מבחינה היסטורית? [T] הפיניקים היו עם קדום באזור הים התיכון. [S] הפיניקים היו תרבות שהתפתחה באירופה הצפונית ללא קשר לים התיכון.,0.2,0.92,0.17276988923549652
[Q] מה ניתן להסיק על התפתחות הדמוקרטיה ביוון העתיקה? [T] ביוון העתיקה התפתחה דמוקרטיה באתונה שבה אזרחים השתתפו בקבלת החלטות. [S] ביוון העתיקה התפתחה דמוקרטיה באתונה שבה אזרחים השתתפו בהחלטות פוליטיות מסוימות.,0.8,1.0,0.8873354196548462
[Q] מה ניתן להסיק על התפתחות הדמוקרטיה ביוון העתיקה? [T] הדמוקרטיה התפתחה באתונה ביוון העתיקה. [S] הדמוקרטיה ביוון העתיקה הייתה מערכת שבה רק מלכים שלטו ללא כל השתתפות ציבורית.,0.2,0.63,0.19531401991844177
[Q] מה ניתן להסיק על התפתחות הדמוקרטיה ביוון העתיקה? [T] יוון העתיקה תרמה להתפתחות רעיונות דמוקרטיים. [S] יוון העתיקה הייתה חברה ללא כל מערכת פוליטית או שלטונית.,0.3,0.83,0.11664414405822754
[Q] כיצד התנהלה האימפריה הבבלית מבחינה חוקית? [T] האימפריה הבבלית התאפיינה בחוקי חמורבי שהיו בין קובצי החוקים הקדומים. [S] בבבל פותחו חוקי חמורבי שהסדירו חיי חברה ומשפט במסופוטמיה.,0.8,0.2,0.9072142839431763
[Q] כיצד התנהלה האימפריה הבבלית מבחינה חוקית? [T] בבבל היו חוקים כתובים שהסדירו את החיים. [S] בבבל לא היו חוקים כתובים והכול התנהל לפי החלטות אקראיות של תושבים.,0.2,0.0,0.29240283370018005
[Q] כיצד התנהלה האימפריה הבבלית מבחינה חוקית? [T] האימפריה הבבלית התבססה על מערכת חוקים קדומה. [S] האימפריה הבבלית הייתה חברה מודרנית עם חוקים דיגיטליים.,0.2,0.74,0.36458927392959595
"[Q] מה ניתן ללמוד על התפשטות האימפריה הרומית? [T] האימפריה הרומית התפשטה דרך כיבושים ויצרה מערכת דרכים ושלטון מאוחד. [S] האימפריה הרומית התפשטה באירופה, צפון אפריקה והמזרח התיכון באמצעות כיבושים ומערכת שלטון מסודרת.",0.8,0.89,0.9063901305198669
[Q] מה ניתן ללמוד על התפשטות האימפריה הרומית? [T] רומא התפשטה סביב הים התיכון. [S] רומא הייתה עיר קטנה בלבד שלא התרחבה מעבר לאיטליה.,0.2,0.66,0.1921178698539734
[Q] מה ניתן ללמוד על התפשטות האימפריה הרומית? [T] האימפריה הרומית הייתה אימפריה רחבת ידיים. [S] האימפריה הרומית הייתה מדינה מודרנית שהתפתחה לאחר מלחמת העולם השנייה.,0.2,0.93,0.20241868495941162
[Q] מהי האימפריה הפרסית וכיצד התנהלה? [T] האימפריה הפרסית הייתה אימפריה מאורגנת במזרח התיכון. [S] האימפריה הפרסית הייתה קבוצת שבטים קטנה ללא שלטון מרכזי וללא ארגון מדיני.,0.2,0.81,0.2840357720851898
[Q] מהי האימפריה הפרסית וכיצד התנהלה? [T] האימפריה הפרסית הייתה אימפריה עתיקה במזרח התיכון. [S] האימפריה הפרסית הייתה תרבות שהתפתחה באירופה הצפונית ולא הייתה קשורה למזרח התיכון.,0.2,0.81,0.1142280176281929
[Q] כיצד ניתן לתאר את המהפכה הנאוליתית? [T] המהפכה הנאוליתית היא מעבר של האדם מחיי ציד ולקט לחקלאות והתיישבות קבע. [S] המהפכה הנאוליתית היא שינוי שבו בני אדם החלו לעסוק בחקלאות ולעבור להתיישבות קבע במקום נדודים.,0.6,0.9,0.8823035955429077
[Q] כיצד ניתן לתאר את המהפכה הנאוליתית? [T] המהפכה הנאוליתית כוללת מעבר לחקלאות ולחיים יושבי קבע. [S] המהפכה הנאוליתית היא תקופה שבה בני אדם חיו רק בערים גדולות ללא חקלאות כלל.,0.2,0.66,0.26356467604637146
[Q] כיצד ניתן לתאר את המהפכה הנאוליתית? [T] המהפכה הנאוליתית שינתה את אורח החיים של האדם הקדמון. [S] המהפכה הנאוליתית התרחשה במאה ה־20 וכללה המצאת מחשבים בלבד.,0.3,0.37,0.14662033319473267
[Q] מה ניתן להסיק על תרבות האינקה? [T] תרבות האינקה התפתחה בדרום אמריקה והייתה אימפריה עם מערכת כבישים וחקלאות הררית מתקדמת. [S] תרבות האינקה התפתחה בדרום אמריקה והייתה אימפריה עם מערכת כבישים וחקלאות בהרים שהתבססה על טרסות חקלאיות.,0.6,1.0,0.9522205591201782
[Q] מה ניתן להסיק על תרבות האינקה? [T] תרבות האינקה הייתה אימפריה בדרום אמריקה. [S] תרבות האינקה הייתה תרבות שהתפתחה באירופה והייתה חלק מהאימפריה הרומית.,0.2,0.86,0.25213170051574707
[Q] מה ניתן להסיק על תרבות האינקה? [T] תרבות האינקה התבססה על חקלאות הררית. [S] תרבות האינקה הייתה קבוצה קטנה של שבטים באפריקה ללא ערים וללא ארגון מרכזי.,0.2,0.69,0.17112334072589874
[Q] כיצד ניתן להסביר את התפתחות הערים הראשונות? [T] הערים הראשונות התפתחו במסופוטמיה סביב נהרות בזכות חקלאות עודפת ומסחר. [S] הערים הראשונות התפתחו במסופוטמיה ליד נהרות הפרת והחידקל בזכות חקלאות עודפת והתארגנות חברתית.,0.6,0.99,0.9362587332725525
[Q] כיצד ניתן להסביר את התפתחות הערים הראשונות? [T] הערים הראשונות התפתחו ליד נהרות. [S] הערים הראשונות התפתחו במדבר קפוא ללא מים וללא חקלאות כלל.,0.2,1.0,0.24739718437194824
[Q] כיצד ניתן להסביר את התפתחות הערים הראשונות? [T] הערים הראשונות התפתחו סביב מקורות מים. [S] הערים הראשונות התפתחו באוקיינוס הפתוח ללא יבשה כלל.,0.2,0.99,0.14569595456123352
[Q] מה מאפיין את האימפריה הפרסית? [T] האימפריה הפרסית הייתה אימפריה גדולה במזרח התיכון עם מערכת שלטון מסודרת. [S] האימפריה הפרסית הייתה אימפריה רחבת ידיים במזרח התיכון עם שלטון מרכזי ומנהל מאורגן.,0.6,0.93,0.9461982846260071
[Q] מה מאפיין את האימפריה הפרסית? [T] האימפריה הפרסית הייתה אימפריה מאורגנת. [S] האימפריה הפרסית הייתה קבוצה קטנה של שבטים ללא שלטון מרכזי וללא מערכת ניהול.,0.2,1.0,0.26799118518829346
[Q] מה מאפיין את האימפריה הפרסית? [T] האימפריה הפרסית הייתה אימפריה עתיקה במזרח התיכון. [S] האימפריה הפרסית הייתה תרבות שהתפתחה באירופה הצפונית ולא במזרח התיכון.,0.2,0.81,0.13699710369110107
"[Q] כיצד ניתן להבין את תרומת יוון העתיקה לעולם? [T] יוון העתיקה תרמה לפילוסופיה, דמוקרטיה ואמנות והשפיעה על העולם המערבי. [S] יוון העתיקה תרמה לפילוסופיה, דמוקרטיה ואמנות והשפיעה על תרבות הים התיכון והעולם המערבי.",0.6,1.0,0.9511239528656006
[Q] כיצד ניתן להבין את תרומת יוון העתיקה לעולם? [T] יוון העתיקה תרמה לפילוסופיה ודמוקרטיה. [S] יוון העתיקה הייתה אזור חקלאי קטן ללא השפעה תרבותית משמעותית.,0.2,0.91,0.1609172224998474
[Q] כיצד ניתן להבין את תרומת יוון העתיקה לעולם? [T] יוון העתיקה הייתה תרבות עתיקה בים התיכון. [S] יוון העתיקה הייתה מדינה מודרנית שהתפתחה במאה ה־21.,0.2,0.52,0.4417370855808258
[Q] מהי מסופוטמיה? [T] אזור בין הפרת והחידקל. [S] אזור בין נהרות הפרת והחידקל.,0.9,0.96,0.8652841448783875
[Q] מהי מסופוטמיה? [T] אזור בין שני נהרות גדולים. [S] אזור בין נהרות הפרת והחידקל שבו התפתחו תרבויות קדומות.,1.0,0.94,0.7713646292686462
[Q] מהי מסופוטמיה? [T] אזור בין הפרת והחידקל. [S] אזור הררי באירופה.,0.0,0.93,0.04477918893098831
"[Q] מהי האימפריה הרומית? [T] אימפריה עתיקה ששלטה סביב הים התיכון. [S] אימפריה עתיקה ששלטה באירופה, צפון אפריקה והמזרח התיכון.",1.0,1.0,0.9095975160598755
[Q] מהי האימפריה הרומית? [T] אימפריה גדולה בעולם העתיק. [S] עיר קטנה באיטליה בלבד.,0.0,0.0,0.040076952427625656
[Q] מהו נהר? [T] זרם מים טבעי הזורם ביבשה. [S] זרם מים טבעי שנשפך לים או לאגם.,1.0,1.0,1.0368717908859253
[Q] מהו נהר? [T] מים זורמים בטבע. [S] גוף מים עומד ללא זרימה.,0.0,0.9,0.12160084396600723
[Q] מהו זרע? [T] מבנה שממנו מתפתח צמח חדש. [S] מבנה המכיל עובר ומתחיל נביטה.,1.0,0.23,0.5160788893699646
[Q] מהו זרע? [T] חלק בצמח. [S] חלק שמייצר אור.,0.0,0.71,0.06846409291028976
[Q] מהי יוון העתיקה? [T] תרבות עתיקה בים התיכון. [S] תרבות שהתפתחה ביוון והשפיעה על הפילוסופיה והדמוקרטיה.,1.0,0.79,0.4296513795852661
[Q] מהי יוון העתיקה? [T] תרבות עתיקה. [S] מדינה מודרנית באירופה.,0.0,0.0,0.03204343095421791
[Q] מהו אקלים טרופי? [T] אקלים חם ולח עם הרבה משקעים. [S] אקלים חם ולח באזור קו המשווה.,1.0,0.62,0.9747224450111389
[Q] מהו אקלים טרופי? [T] אקלים חם. [S] אקלים קר עם שלג קבוע.,0.0,1.0,0.1095932200551033
[Q] מהי מסופוטמיה? [T] אזור בין נהרות הפרת והחידקל. [S] אזור בין שני נהרות מרכזיים שבו התפתחו תרבויות קדומות.,0.5,0.87,0.8511430025100708
[Q] מהי מסופוטמיה? [T] אזור בין הפרת והחידקל. [S] אזור הררי באירופה.,0.0,0.93,0.04477918893098831
[Q] מהי מסופוטמיה? [T] אזור עתיק בין נהרות. [S] אזור בין הפרת והחידקל בלבד.,0.6,0.79,0.049040187150239944
"[Q] מהי האימפריה הרומית? [T] אימפריה עתיקה ששלטה סביב הים התיכון. [S] אימפריה עתיקה ששלטה באירופה, צפון אפריקה והמזרח התיכון.",1.0,1.0,0.9095975160598755
[Q] מהי האימפריה הרומית? [T] אימפריה גדולה בעת העתיקה. [S] עיר קטנה באיטליה בלבד.,0.0,0.0,0.03953208774328232
[Q] מהי האימפריה הרומית? [T] אימפריה ששלטה בעולם העתיק. [S] אימפריה ששלטה רק באיטליה.,0.0,1.0,0.07970644533634186
[Q] מהי פוטוסינתזה? [T] תהליך שבו צמחים מייצרים מזון בעזרת אור שמש. [S] תהליך שבו צמחים משתמשים באור שמש כדי לייצר סוכרים וחמצן.,1.0,0.62,0.9002410769462585
[Q] מהי פוטוסינתזה? [T] ייצור מזון בצמחים. [S] תהליך שבו צמחים נושמים חמצן בלבד.,0.0,0.17,0.06585010141134262
[Q] מהי פוטוסינתזה? [T] תהליך בצמחים. [S] תהליך שבו צמחים קולטים אור בלבד ללא ייצור מזון.,0.3,1.0,0.07549186050891876
[Q] מהו נהר? [T] זרם מים טבעי הזורם ביבשה. [S] זרם מים טבעי הזורם ממקור לים או לאגם.,1.0,1.0,1.0343352556228638
[Q] מהו נהר? [T] מים זורמים בטבע. [S] גוף מים עומד ללא זרימה.,0.0,0.9,0.12160084396600723
[Q] מהו נהר? [T] מים זורמים ביבשה. [S] מים שנמצאים רק בים.,0.2,0.66,0.07329124957323074
[Q] מהי יוון העתיקה? [T] תרבות עתיקה בים התיכון. [S] תרבות שהתפתחה ביוון והשפיעה על פילוסופיה ודמוקרטיה.,1.0,0.79,0.39064428210258484
[Q] מהי יוון העתיקה? [T] תרבות עתיקה. [S] מדינה מודרנית באירופה.,0.0,0.0,0.03204343095421791
[Q] מהי יוון העתיקה? [T] תרבות בים התיכון. [S] תרבות שהתפתחה רק באסיה.,0.2,0.53,0.10279464721679688
[Q] מהו זרע? [T] חלק בצמח. [S] חלק שמייצר אור.,0.0,0.71,0.06846409291028976
[Q] מהו זרע? [T] מבנה קטן בצמח. [S] חלק שמתחיל נביטה בלבד.,0.7,0.0,0.07459064573049545
[Q] מהו חוק ראשון של ניוטון? [T] גוף יישאר במנוחה או בתנועה קצובה בקו ישר כל עוד לא פועל עליו כוח חיצוני. [S] גוף יישאר במנוחה או ינוע במהירות קבועה כל עוד אין כוח חיצוני שפועל עליו.,1.0,0.33,0.9663549661636353
[Q] מהו חוק ראשון של ניוטון? [T] חוק ההתמדה קובע שגוף שומר על מצב תנועתו ללא כוח חיצוני. [S] גוף תמיד נע במהירות הולכת וגדלה גם ללא כוח חיצוני.,0.2,0.33,0.6948435306549072
"[Q] מהי אנרגיה קינטית? [T] אנרגיה של גוף עקב תנועתו, תלויה במסה ובמהירות. [S] אנרגיה של גוף הנמצאת בתנועה ותלויה במהירותו.",1.0,0.96,1.0414063930511475
[Q] מהי אנרגיה קינטית? [T] אנרגיית תנועה של גוף. [S] אנרגיה שנוצרת רק מחום של גוף במנוחה.,0.0,0.83,0.07603640854358673
"[Q] מהו כוח כבידה? [T] כוח משיכה בין מסות, כמו בין כדור הארץ לעצמים. [S] כוח משיכה בין כדור הארץ לבין עצמים בעלי מסה.",1.0,0.83,1.0881556272506714
[Q] מהו כוח כבידה? [T] כוח שמושך גופים זה לזה. [S] כוח שדוחף גופים זה הרחק מזה.,0.2,1.0,0.11231552809476852
[Q] מהו חוק שני של ניוטון? [T] התאוצה של גוף פרופורציונלית לכוח ופוכה למסה (F=ma). [S] תאוצה של גוף תלויה בכוח הפועל עליו ובמסתו.,1.0,0.75,0.8491213321685791
"[Q] מהו חוק שני של ניוטון? [T] F=ma מתאר קשר בין כוח, מסה ותאוצה. [S] F=ma אומר שכוח לא משפיע על תנועה.",0.0,0.29,0.07557186484336853
[Q] מהו גל? [T] הפרעה המתפשטת במרחב ומעבירה אנרגיה. [S] הפרעה שמתפשטת במדיום ומעבירה אנרגיה ממקום למקום.,1.0,1.0,1.0111985206604004
[Q] מהו גל? [T] תופעה של תנודה המתפשטת. [S] גוף מוצק שנשאר קבוע במקומו.,0.0,0.0,0.0503985695540905
[Q] מהי מהירות? [T] שינוי מקום ליחידת זמן. [S] קצב שינוי מיקום של גוף בזמן.,1.0,0.71,0.15036027133464813
[Q] מהי מהירות? [T] מרחק חלקי זמן. [S] כוח הפועל על גוף.,0.0,0.0,0.035191357135772705
[Q] מהו זרם חשמלי? [T] תנועה של מטענים חשמליים במוליך. [S] תנועה מסודרת של אלקטרונים דרך מוליך.,1.0,0.48,0.5865523219108582
[Q] מהו זרם חשמלי? [T] תנועת חשמל במעגל. [S] יצירת אור ללא אנרגיה.,0.2,0.16,0.04757465794682503
[Q] מהי אנרגיה פוטנציאלית כבידתית? [T] אנרגיה של גוף עקב גובהו בשדה כבידה. [S] אנרגיה הנובעת ממיקום גוף בגובה מסוים.,1.0,0.53,1.0313109159469604
[Q] מהי אנרגיה פוטנציאלית כבידתית? [T] אנרגיה של גוף בגובה. [S] אנרגיה שנוצרת רק מתנועה.,0.0,0.65,0.07378435134887695
"[Q] מהי תקופת הרנסנס? [T] תקופה של התחדשות תרבותית באירופה לאחר ימי הביניים שהתמקדה באמנות, מדע והומניזם. [S] תקופה של התחדשות תרבותית באירופה לאחר ימי הביניים עם דגש על אמנות ומדע.",0.7,0.98,0.9922571778297424
[Q] מהי תקופת הרנסנס? [T] תקופה היסטורית של פריחה באירופה שכללה שינויי חשיבה באמנות ובמדע. [S] תקופה של פריחה תרבותית באירופה לאחר ימי הביניים.,0.5,0.23,0.7706114053726196
[Q] היכן החל הרנסנס? [T] הרנסנס החל באיטליה במאה ה־14 והתפשט לאירופה. [S] הרנסנס החל באיטליה והתפשט בהדרגה למדינות נוספות באירופה.,0.5,1.0,0.9924731254577637
"[Q] מי היה לאונרדו דה וינצ'י? [T] אמן, מדען ומהנדס מתקופת הרנסנס שעסק בתחומים רבים. [S] דמות מתקופת הרנסנס שפעלה בתחומי אמנות ומדע באיטליה.",0.6,0.43,0.9263682961463928
[Q] מי היה לאונרדו דה וינצ'י? [T] אמן וממציא מהרנסנס. [S] אמן מתקופת הרנסנס שעסק גם במדע.,0.6,0.64,0.8077090382575989
[Q] מה מאפיין את הרנסנס? [T] תקופת פריחה תרבותית באירופה. [S] תקופה של שינויי חשיבה באמנות ובמדע באירופה.,0.7,0.68,0.6485550403594971
[Q] מהי הומניזם? [T] גישה פילוסופית על האדם. [S] גישה שמדגישה את האדם ויכולותיו.,0.5,1.0,0.5374728441238403
"[Q] כיצד הרנסנס השפיע על המדע? [T] עודד חקירה, תצפיות ופיתוח חשיבה מדעית חדשה. [S] תרם להתפתחות המדע דרך חקירה ותצפית על העולם.",0.6,0.17,0.8862888813018799
[Q] מה הייתה תרומת הרנסנס לאמנות? [T] התפתחות אמנות ריאליסטית ושימוש בפרספקטיבה. [S] שינוי באמנות שהוביל לריאליזם ולשימוש בטכניקות חדשות.,0.5,0.5,0.6167011857032776
[Q] מהי מלחמת המפרץ? [T] מלחמה שהתרחשה בשנים 1990–1991 בין עיראק לקואליציה בינלאומית בעקבות פלישת עיראק לכווית. [S] מלחמה בתחילת שנות ה־90 שבה עיראק נלחמה מול קואליציה בינלאומית לאחר פלישתה לכווית.,0.5,0.97,1.016931176185608
[Q] מה גרם לפרוץ מלחמת המפרץ? [T] פלישת עיראק לכווית בשנת 1990. [S] פלישה של עיראק למדינה שכנה באזור המפרץ הפרסי.,0.5,0.75,0.8158400058746338
[Q] מה גרם לפרוץ מלחמת המפרץ? [T] כיבוש כווית על ידי עיראק. [S] עימות בין מדינות באזור המזרח התיכון בעקבות סכסוך טריטוריאלי.,0.5,0.0,0.3795038163661957
[Q] מי השתתף בקואליציה במלחמת המפרץ? [T] קואליציה של מדינות בהובלת ארצות הברית שכללה מדינות רבות נוספות. [S] קואליציה בינלאומית בהובלת ארצות הברית שכללה מספר מדינות מערביות.,0.5,1.0,0.9765546917915344
[Q] מי השתתף במלחמת המפרץ? [T] עיראק מול קואליציה בינלאומית. [S] עיראק מול מספר מדינות מערביות שהצטרפו ללחימה.,0.5,0.53,0.9578878283500671
[Q] מה היה מבצע סופה במדבר? [T] המבצע הצבאי של הקואליציה לשחרור כווית והבסת הצבא העיראקי בשנת 1991. [S] מבצע צבאי של כוחות בינלאומיים נגד עיראק במהלך מלחמת המפרץ.,0.5,0.59,0.5447630882263184
[Q] מה היה מבצע סופה במדבר? [T] מתקפה של הקואליציה במלחמת המפרץ. [S] מבצע צבאי אמריקאי נגד עיראק בתחילת שנות ה־90.,0.5,0.0,0.20656335353851318
"[Q] מה הייתה תוצאת מלחמת המפרץ? [T] שחרור כווית ונסיגת עיראק, אך המשטר העיראקי נותר בשלטון. [S] כווית שוחררה לאחר נסיגת עיראק בעקבות הלחימה.",0.5,0.42,0.7333729267120361
[Q] מה הייתה תוצאת מלחמת המפרץ? [T] סיום הכיבוש העיראקי בכווית. [S] סיום העימות והחזרת השליטה על כווית לידי המדינה שלה.,0.5,0.41,0.6610156297683716
[Q] מדוע הייתה חשיבות בינלאומית למלחמת המפרץ? [T] המלחמה הדגישה את מעורבות האו״ם והקואליציה הבינלאומית בעימותים אזוריים. [S] מלחמה שבה מדינות רבות שיתפו פעולה במסגרת בינלאומית נגד עיראק.,0.5,0.38,0.7739594578742981
[Q] מדוע הייתה חשיבות למלחמת המפרץ? [T] עימות בינלאומי רחב בהובלת ארצות הברית. [S] מלחמה שבה מדינות שונות פעלו יחד נגד עיראק באזור המפרץ.,0.5,0.84,0.46979671716690063
[Q] מהי מלחמת המפרץ? [T] מלחמה בין עיראק לקואליציה בינלאומית בעקבות פלישת עיראק לכווית בתחילת שנות ה־90. [S] עימות צבאי בתחילת שנות ה־90 בין עיראק לקואליציה בינלאומית לאחר פלישת עיראק לכווית.,0.7,0.96,0.9905839562416077
[Q] מהי מלחמת המפרץ? [T] מלחמה באזור המזרח התיכון בשנים 1990–1991. [S] מלחמה אזורית במזרח התיכון בתחילת שנות ה־90 בין עיראק למדינות נוספות.,0.5,0.95,0.916498601436615
[Q] מה גרם לפרוץ מלחמת המפרץ? [T] פלישת עיראק לכווית בשנת 1990. [S] פלישה של עיראק לכווית שהובילה להתערבות בינלאומית באזור המפרץ.,0.7,0.76,0.9699891805648804
[Q] מה גרם לפרוץ מלחמת המפרץ? [T] סכסוך בין עיראק לכווית. [S] עימות טריטוריאלי בין עיראק לכווית שהסלים למלחמה רחבה יותר.,0.6,0.95,0.8326218128204346
[Q] מי השתתף במלחמת המפרץ? [T] עיראק וקואליציה בינלאומית בהובלת ארצות הברית. [S] עיראק מול קואליציה בינלאומית שכללה מדינות מערביות בהובלת ארצות הברית.,0.7,0.97,0.9637808799743652
[Q] מה היה מבצע סופה במדבר? [T] מבצע צבאי של הקואליציה לשחרור כווית בשנת 1991. [S] מבצע צבאי רחב של הקואליציה הבינלאומית נגד עיראק במהלך מלחמת המפרץ.,0.7,0.78,0.7174679040908813
[Q] מה היה מבצע סופה במדבר? [T] מתקפה של הקואליציה במלחמת המפרץ. [S] מבצע צבאי אמריקאי ובינלאומי שנועד להדוף את כוחות עיראק מכווית.,0.6,0.0,0.5218679308891296
[Q] מה הייתה תוצאת מלחמת המפרץ? [T] שחרור כווית ונסיגת עיראק מהשטח. [S] שחרור כווית בעקבות נסיגת כוחות עיראק לאחר התערבות הקואליציה.,0.7,0.77,0.7886093258857727
[Q] מה הייתה תוצאת מלחמת המפרץ? [T] סיום הכיבוש העיראקי בכווית. [S] סיום הכיבוש של כווית על ידי עיראק בעקבות הלחימה והלחץ הבינלאומי.,0.6,1.0,0.736547589302063
[Q] מהי מלחמת המפרץ? [T] מלחמה בין עיראק לקואליציה בינלאומית בתחילת שנות ה־90 בעקבות פלישת עיראק לכווית. [S] עימות צבאי שבו עיראק נלחמה מול קואליציה בינלאומית לאחר הפלישה לכווית.,0.7,0.76,0.9396371841430664
[Q] מהי מלחמת המפרץ? [T] סכסוך אזורי במזרח התיכון בשנים 1990–1991. [S] מלחמה אזורית במזרח התיכון בין עיראק לכוחות בינלאומיים בתחילת שנות ה־90.,0.5,0.92,0.8655903339385986
[Q] מה גרם למלחמת המפרץ? [T] פלישת עיראק לכווית בשנת 1990. [S] כיבוש כווית על ידי עיראק שגרם להתערבות בינלאומית.,0.7,0.7,0.875450074672699
[Q] מה גרם למלחמת המפרץ? [T] השתלטות עיראק על כווית. [S] סכסוך בין שתי מדינות במפרץ הפרסי שהוביל למלחמה.,0.6,0.16,0.2768368422985077
[Q] מי השתתף במלחמה? [T] עיראק וקואליציה בהובלת ארצות הברית. [S] עיראק מול קואליציה בינלאומית של מדינות רבות בהובלת ארצות הברית.,0.7,1.0,0.9514389634132385
[Q] מי השתתף במלחמה? [T] עיראק מול מדינות שונות. [S] עיראק מול ברית של מדינות מערביות ומדינות נוספות.,0.5,1.0,0.9405605792999268
[Q] מה היה מבצע סופה במדבר? [T] מבצע צבאי של הקואליציה לשחרור כווית בשנת 1991. [S] מתקפה צבאית של הקואליציה הבינלאומית נגד כוחות עיראק.,0.7,0.38,0.6920819282531738
[Q] מה היה מבצע סופה במדבר? [T] מבצע במלחמת המפרץ. [S] פעולה צבאית אמריקאית ובינלאומית כחלק מהמלחמה.,0.6,0.81,0.21506519615650177
[Q] מה הייתה מטרת הקואליציה? [T] לשחרר את כווית משליטת עיראק. [S] החזרת כווית לעצמאות לאחר הכיבוש העיראקי.,0.7,0.66,0.7372407913208008
[Q] מה הייתה מטרת הקואליציה? [T] הפסקת הכיבוש בכווית. [S] עצירת ההשתלטות של עיראק על שטח כווית.,0.6,0.61,0.4033399224281311
[Q] מה הייתה תוצאת המלחמה? [T] שחרור כווית ונסיגת עיראק. [S] כווית שוחררה לאחר נסיגת כוחות עיראק בעקבות הלחימה.,0.7,0.91,0.7426307797431946
[Q] מה הייתה תוצאת המלחמה? [T] סיום הכיבוש של כווית. [S] סיום השליטה העיראקית בכווית לאחר המלחמה.,0.6,0.48,0.6175283789634705
[Q] מה הייתה חשיבות המלחמה? [T] שיתוף פעולה בינלאומי רחב דרך האו״ם. [S] פעולה משותפת של מדינות רבות נגד עיראק בתיאום בינלאומי.,0.7,0.11,0.7920495271682739
[Q] מה הייתה חשיבות המלחמה? [T] מעורבות בינלאומית בעימות אזורי. [S] שימוש בקואליציה בינלאומית להתמודדות עם סכסוך אזורי במזרח התיכון.,0.6,0.34,0.6204316020011902
[Q] מתי התרחשה המלחמה? [T] 1990–1991. [S] תחילת שנות ה־90 שבה התנהל עימות צבאי בין עיראק לקואליציה.,0.7,0.0,0.5205245018005371
[Q] מתי התרחשה המלחמה? [T] בתחילת שנות ה־90. [S] תקופה קצרה בתחילת שנות ה־90 של המאה ה־20.,0.5,0.56,0.8530874252319336
[Q] מה היה תפקיד ארצות הברית? [T] הובילה את הקואליציה הבינלאומית. [S] הנהיגה את הכוחות הבינלאומיים שפעלו נגד עיראק.,0.7,0.0,0.5936069488525391
[Q] מה היה תפקיד ארצות הברית? [T] הובלה צבאית של הקואליציה. [S] השתתפות מרכזית בניהול הקואליציה הבינלאומית.,0.6,0.34,0.49311989545822144
[Q] מדוע עיראק פלשה לכווית? [T] סכסוך טריטוריאלי וכלכלי בין המדינות. [S] מחלוקת בין עיראק לכווית שהובילה לפלישה.,0.6,0.56,0.7501600980758667
[Q] מה הייתה תגובת האו״ם? [T] גינוי הפלישה והקמת קואליציה בינלאומית. [S] החלטות בינלאומיות שהובילו להתערבות צבאית.,0.7,0.0,0.6767674088478088
[Q] מהי מלחמת המפרץ? [T] מלחמה בין עיראק לקואליציה בינלאומית בעקבות פלישת עיראק לכווית. [S] מלחמה בין עיראק לכוחות בינלאומיים בתחילת שנות ה־90.,0.6,0.62,0.895317792892456
[Q] מהי מלחמת המפרץ? [T] עימות צבאי בשנים 1990–1991. [S] עימות צבאי בין עיראק למדינות נוספות באזור המפרץ.,0.5,0.62,0.7063280940055847
[Q] מה גרם למלחמה? [T] פלישת עיראק לכווית. [S] פלישה של עיראק למדינה שכנה במזרח התיכון.,0.6,0.98,0.4748140275478363
[Q] מה גרם למלחמה? [T] כיבוש כווית על ידי עיראק. [S] סכסוך שהוביל לעימות צבאי בין מדינות האזור.,0.5,0.0,0.397763192653656
[Q] מי השתתף במלחמה? [T] עיראק וקואליציה בהובלת ארצות הברית. [S] עיראק מול קואליציה בינלאומית של מדינות שונות.,0.6,0.94,0.9212201833724976
[Q] מי השתתף במלחמה? [T] עיראק מול כוחות בינלאומיים. [S] עיראק מול מדינות מערביות שהצטרפו ללחימה.,0.5,0.53,0.8914157748222351
[Q] מה היה מבצע סופה במדבר? [T] מבצע צבאי של הקואליציה בשנת 1991. [S] מבצע צבאי רחב נגד עיראק במהלך מלחמת המפרץ.,0.6,0.53,0.4081244468688965
[Q] מה היה מבצע סופה במדבר? [T] מתקפה של הקואליציה. [S] פעולה צבאית של כוחות בינלאומיים נגד עיראק.,0.4,0.0,0.2330102026462555
[Q] מה הייתה מטרת הקואליציה? [T] שחרור כווית משליטת עיראק. [S] החזרת כווית לעצמאות לאחר הכיבוש.,0.7,0.17,0.5678398609161377
[Q] מה הייתה מטרת הקואליציה? [T] עצירת הכיבוש. [S] הפסקת השליטה של עיראק בכווית.,0.5,0.47,0.21436500549316406
[Q] מה הייתה תוצאת המלחמה? [T] נסיגת עיראק ושחרור כווית. [S] סיום השליטה העיראקית בכווית.,0.6,0.84,0.5004138946533203
[Q] מה הייתה תוצאת המלחמה? [T] כווית שוחררה. [S] עיראק נסוגה מהשטח לאחר הלחימה.,0.5,0.0,0.23053812980651855
[Q] מה הייתה חשיבות המלחמה? [T] שיתוף פעולה בינלאומי דרך האו״ם. [S] פעולה משותפת של מדינות רבות נגד עיראק.,0.7,0.12,0.6570394039154053
[Q] מה הייתה חשיבות המלחמה? [T] מעורבות בינלאומית. [S] שיתוף פעולה בין מדינות שונות במסגרת קואליציה.,0.5,0.0,0.5132511854171753
[Q] מתי התרחשה המלחמה? [T] 1990–1991. [S] תחילת שנות ה־90 של המאה ה־20.,0.6,0.0,0.34691572189331055
[Q] מתי התרחשה המלחמה? [T] תחילת שנות ה־90. [S] תקופה קצרה בתחילת שנות התשעים.,0.5,0.47,0.8050529956817627
[Q] מה היה תפקיד ארצות הברית? [T] הובילה את הקואליציה. [S] ארצות הברית הובילה את הכוחות הבינלאומיים.,0.6,0.92,0.4623216986656189
[Q] מה היה תפקיד ארצות הברית? [T] הנהגה צבאית. [S] תפקיד מרכזי בקואליציה הבינלאומית.,0.4,0.0,0.1689871847629547
[Q] מדוע התערב האו״ם? [T] בעקבות פלישת עיראק לכווית. [S] תגובה בינלאומית לפעולות עיראק באזור המפרץ.,0.6,0.13,0.6725884079933167
[Q] מדוע התערב האו״ם? [T] גינוי הפלישה. [S] החלטות בינלאומיות שהובילו לפעולה נגד עיראק.,0.5,0.0,0.46030333638191223
"[Q] מהי מלחמת ששת הימים? [T] מלחמה שהתרחשה בין 5–10 ביוני 1967 בין ישראל למצרים, ירדן וסוריה. [S] מלחמה שהתרחשה באמצע המאה ה־20 במזרח התיכון בין ישראל למדינות ערב, במסגרת מתיחות אזורית רחבה.",0.6,0.76,0.795272707939148
[Q] מהי מלחמת ששת הימים? [T] עימות צבאי קצר שנמשך שישה ימים ביוני 1967 בין ישראל למדינות ערב השכנות. [S] אירוע צבאי משמעותי במזרח התיכון שכלל מספר מדינות והתרחש בתקופה של מתחים פוליטיים.,0.5,0.08,0.676184892654419
[Q] מה הוביל למלחמה? [T] חסימת מצרי טיראן על ידי מצרים והסלמת המתיחות בגבולות. [S] התפתחות של מתחים מדיניים וצבאיים בין מדינות האזור שהובילה להסלמה.,0.6,0.2,0.8534417152404785
[Q] מה הוביל למלחמה? [T] צעדים צבאיים של מצרים שכללו חסימת מצרי טיראן. [S] סדרת אירועים אזוריים שהשפיעו על היחסים בין המדינות במזרח התיכון.,0.5,0.0,0.4584485590457916
"[Q] אילו מדינות השתתפו? [T] ישראל, מצרים, ירדן וסוריה. [S] מספר מדינות מהמזרח התיכון שהיו מעורבות בעימות לצד ישראל.",0.5,0.85,0.8718586564064026
"[Q] אילו מדינות השתתפו? [T] ישראל מול מצרים, ירדן וסוריה. [S] מדינות שונות באזור שנכנסו לעימות צבאי במזרח התיכון.",0.6,0.0,0.6528684496879578
[Q] מה היה מהלך מרכזי במלחמה? [T] תקיפות אוויריות של ישראל בתחילת המלחמה שהשפיעו על המשך הקרבות. [S] פעולות צבאיות שונות שכללו תקיפות אוויריות ותמרון יבשתי בזירות שונות.,0.6,0.53,0.7490532994270325
[Q] מה היה מהלך מרכזי במלחמה? [T] מהלכים צבאיים מהירים בשלבי הפתיחה של המלחמה. [S] סדרת פעולות צבאיות שהתבצעו במהלך ימי הלחימה.,0.5,0.65,0.6017339825630188
"[Q] מה הייתה תוצאת המלחמה? [T] ישראל השיגה שליטה בשטחים כמו סיני, הגדה המערבית ורמת הגולן. [S] המלחמה הסתיימה בשינויים טריטוריאליים ובשליטה של ישראל על אזורים מסוימים.",0.6,0.59,0.5191171765327454
[Q] מה הייתה תוצאת המלחמה? [T] שינוי במפת השליטה באזור לאחר סיום הלחימה. [S] תוצאות המלחמה כללו שינויים פוליטיים וטריטוריאליים במזרח התיכון.,0.5,0.48,0.44113481044769287
[Q] מהי חשיבות המלחמה? [T] המלחמה שינתה את מאזן הכוחות במזרח התיכון והשפיעה על יחסים מדיניים. [S] אירוע חשוב שהשפיע על המצב המדיני והצבאי באזור לאורך זמן.,0.7,0.0,0.8862097859382629
[Q] מהי חשיבות המלחמה? [T] השפעה על יחסי המדינות באזור. [S] השפעות רחבות על המערכת האזורית והיחסים בין מדינות.,0.5,0.47,0.8477417230606079
"[Q] מתי התרחשה המלחמה? [T] יוני 1967, במשך שישה ימים. [S] באמצע שנות ה־60 של המאה ה־20 במהלך תקופה של מתיחות אזורית.",0.5,0.0,0.7307114005088806
[Q] מהו ההקשר ההיסטורי? [T] תקופה של מתיחות בין ישראל למדינות ערב לאחר אירועים קודמים באזור. [S] תקופה של מתחים פוליטיים וצבאיים במזרח התיכון לפני המלחמה.,0.6,0.41,0.8385091423988342
[Q] מה מאפיין את סיום המלחמה? [T] הפסקת אש והסכמים לא רשמיים שהובילו לסיום הקרבות. [S] סיום הלחימה והמעבר למצב מדיני חדש באזור.,0.5,0.12,0.8085033893585205
[Q] מהי מלחמת ששת הימים? [T] מלחמה בין ישראל למדינות ערב ביוני 1967. [S] עימות צבאי שהתרחש ב־1967 בין ישראל למדינות ערב במסגרת מתיחות אזורית.,0.6,0.72,0.9170047640800476
[Q] מהי מלחמת ששת הימים? [T] מלחמה אזורית במזרח התיכון. [S] מלחמה שהתרחשה במזרח התיכון בין ישראל לכמה מדינות שכנות בתקופת מתיחות.,0.5,0.96,0.6735792756080627
[Q] מה גרם למלחמה? [T] חסימת מצרי טיראן על ידי מצרים. [S] מהלך מדיני וצבאי באזור שהוביל להסלמה בין המדינות.,0.6,0.0,0.39634737372398376
[Q] מה גרם למלחמה? [T] מתיחות בין ישראל למדינות ערב. [S] התפתחות של מתחים אזוריים שהובילו לפרוץ עימות צבאי.,0.5,0.33,0.6601980328559875
"[Q] אילו מדינות השתתפו? [T] ישראל, מצרים, ירדן וסוריה. [S] מספר מדינות מהמזרח התיכון שהיו מעורבות בעימות.",0.6,0.0,0.7561260461807251
[Q] אילו מדינות השתתפו? [T] מדינות ערב מול ישראל. [S] ישראל מול כמה מדינות שכנות באזור.,0.5,0.78,0.8219208121299744
[Q] מה היה מהלך מרכזי? [T] תקיפות אוויריות של ישראל בתחילת המלחמה. [S] פעולות צבאיות שונות שכללו תקיפות ותמרונים.,0.6,0.61,0.6431952118873596
[Q] מה היה מהלך מרכזי? [T] קרבות בכמה חזיתות. [S] לחימה במספר אזורים גיאוגרפיים במזרח התיכון.,0.5,0.47,0.26710548996925354
"[Q] מה הייתה תוצאה? [T] שליטת ישראל בשטחים כמו סיני, הגדה ורמת הגולן. [S] שינוי טריטוריאלי בעקבות תוצאות המלחמה.",0.6,0.0,0.30930089950561523
[Q] מה הייתה תוצאה? [T] שינוי גבולות באזור. [S] המלחמה הובילה לשינויים במפה האזורית.,0.5,0.59,0.3018367290496826
[Q] מהי חשיבות המלחמה? [T] שינוי מאזן הכוחות במזרח התיכון. [S] השפעה על היחסים המדיניים באזור לאחר המלחמה.,0.6,0.0,0.45456668734550476
[Q] מהי חשיבות המלחמה? [T] אירוע חשוב בהיסטוריה האזורית. [S] מלחמה שהשפיעה על המצב הפוליטי במזרח התיכון.,0.5,0.56,0.5259703993797302
[Q] מתי התרחשה? [T] יוני 1967. [S] באמצע שנות ה־60 של המאה ה־20.,0.4,0.0,0.15748988091945648
[Q] מהו ההקשר ההיסטורי? [T] מתיחות בין ישראל למדינות ערב. [S] תקופה של יחסים מתוחים באזור לפני המלחמה.,0.6,0.33,0.45649680495262146
[Q] מהו ההקשר ההיסטורי? [T] סכסוך אזורי מתמשך. [S] סדרת אירועים שהובילו להסלמה באזור.,0.5,0.0,0.30463626980781555
[Q] מה היה מבצע מרכזי? [T] פתיחת המלחמה בתקיפות אוויריות. [S] תחילת הלחימה כללה פעולות צבאיות משמעותיות.,0.6,0.65,0.4674828052520752
[Q] מה היה מבצע מרכזי? [T] פעולה צבאית בתחילת המלחמה. [S] מהלך צבאי שהשפיע על המשך הקרבות.,0.5,0.83,0.4544311463832855
[Q] מה מאפיין את סיום המלחמה? [T] הפסקת אש לאחר שישה ימים. [S] סיום מהיר של הלחימה והפסקת הקרבות באזור.,0.6,0.48,0.8746249079704285
[Q] מה מתאר את הרקע לפרוץ המלחמה? [T] מתיחות בין ישראל למדינות ערב וחסימת מצרי טיראן על ידי מצרים. [S] התפתחות מתחים אזוריים וצעדים מדיניים-צבאיים שהובילו להסלמה.,0.6,0.3,0.8411407470703125
[Q] אילו גורמים אזוריים הובילו להסלמה ב־1967? [T] חסימת מצרי טיראן והתגברות המתיחות בין ישראל לשכנותיה. [S] אירועים מדיניים וצבאיים באזור המזרח התיכון שתרמו להסלמה.,0.5,0.0,0.8090090751647949
"[Q] מי היו הצדדים המרכזיים בעימות של 1967? [T] ישראל מול מצרים, ירדן וסוריה. [S] ישראל וכמה מדינות ערביות מהאזור שהשתתפו בעימות.",0.6,0.84,0.9008580446243286
"[Q] באילו זירות התרחשו הקרבות? [T] הקרבות התרחשו בכמה חזיתות: סיני, הגדה המערבית ורמת הגולן. [S] לחימה שהתבצעה במספר אזורים גיאוגרפיים במזרח התיכון.",0.5,0.38,0.861094057559967
[Q] כיצד התאפיין מהלך הפתיחה של המלחמה? [T] תקיפה אווירית ישראלית בתחילת הלחימה. [S] מהלך צבאי ראשוני שכלל תקיפות אוויריות והשפיע על המשך הקרבות.,0.6,0.84,0.9156884551048279
[Q] מה ניתן לומר על משך הלחימה? [T] המלחמה נמשכה שישה ימים בלבד. [S] עימות צבאי קצר יחסית שנמשך מספר ימים בודדים.,0.5,0.92,0.7313520908355713
"[Q] איזה שינוי טריטוריאלי התרחש לאחר המלחמה? [T] ישראל שלטה בסיני, הגדה המערבית ורמת הגולן. [S] שינוי במפת השליטה האזורית לאחר סיום הקרבות.",0.6,0.0,0.8642005324363708
[Q] כיצד השתנה המצב המדיני לאחר 1967? [T] השתנה מאזן הכוחות במזרח התיכון. [S] שינויים פוליטיים וצבאיים שהשפיעו על היחסים בין מדינות האזור.,0.5,0.35,0.7519896626472473
[Q] מה הייתה השפעת המלחמה על האזור? [T] השפעה ארוכת טווח על יחסי המדינות במזרח התיכון. [S] השפעות מדיניות וצבאיות שנמשכו לאחר סיום המלחמה.,0.6,0.44,0.61297607421875
[Q] מהו ההקשר ההיסטורי של המלחמה? [T] תקופה של מתיחות גוברת בין ישראל למדינות ערב. [S] מצב של מתחים אזוריים שהוביל לעימות צבאי.,0.5,0.32,0.7826331853866577
[Q] כיצד ניתן לתאר את הסיום של המלחמה? [T] הפסקת אש לאחר שישה ימים של לחימה. [S] סיום מהיר של העימות והפסקת הקרבות.,0.6,0.45,0.8562433123588562
[Q] מה מאפיין את הזירה הבינלאומית בזמן המלחמה? [T] מעורבות והשפעה עקיפה של מדינות נוספות בעולם. [S] הקשר בינלאומי סביב העימות במזרח התיכון.,0.4,0.0,0.7209588289260864
[Q] מה היה המצב בין המדינות לפני 1967? [T] מתיחות צבאית ומדינית מתמשכת באזור. [S] יחסים מתוחים בין ישראל למדינות שכנות לפני פרוץ המלחמה.,0.6,0.9,0.864973783493042
[Q] כיצד השפיעה המלחמה על הגבולות? [T] שינויים בשליטה על שטחים שונים באזור. [S] שינויי גבול ושליטה בעקבות תוצאות הקרבות.,0.5,0.56,0.832268238067627
[Q] מה ניתן לומר על אופי הלחימה? [T] לחימה מהירה במספר חזיתות במקביל. [S] קרבות שהתנהלו בכמה אזורים גיאוגרפיים בו זמנית.,0.6,0.47,0.50629723072052
[Q] כיצד ניתן להבין את חשיבות האירוע? [T] אירוע מרכזי בתולדות המזרח התיכון. [S] מלחמה שהשפיעה על ההיסטוריה והפוליטיקה האזורית.,0.5,0.26,0.6688409447669983
[Q] מה התרחש בתחילת העימות? [T] פתיחת המלחמה בתקיפות אוויריות. [S] מהלך פתיחה צבאי שהשפיע על המשך ההתפתחויות.,0.6,0.45,0.4705197513103485
[Q] כיצד התנהלה המערכה הכללית? [T] קרבות מתואמים בכמה אזורים במקביל. [S] סדרת עימותים צבאיים במספר חזיתות.,0.5,0.95,0.5906262993812561
[Q] מה היה מאפיין מרכזי של התקופה? [T] מתיחות אזורית גבוהה בין מדינות המזרח התיכון. [S] תקופה של חוסר יציבות מדינית וצבאית באזור.,0.6,0.0,0.7089859247207642
[Q] מה הייתה המטרה המרכזית של ישראל במלחמת ששת הימים? [T] הסרת האיום הצבאי של מדינות ערב ושיפור המצב הביטחוני. [S] השגת יתרון ביטחוני והפחתת האיום מצד המדינות השכנות באזור.,0.6,0.46,0.8828796148300171
[Q] כיצד השפיעה חסימת מצרי טיראן על המצב? [T] היא נחשבה לאחת הסיבות המרכזיות להסלמה שהובילה למלחמה. [S] צעד שתרם להחרפת המתיחות בין ישראל למצרים ולפרוץ העימות.,0.6,0.9,0.8792505264282227
[Q] מה ניתן לומר על יחסי הכוחות לפני 1967? [T] הייתה מתיחות צבאית ומדינית בין ישראל למדינות ערב. [S] התקיים מתח אזורי בין ישראל למדינות השכנות לפני פרוץ המלחמה.,0.5,0.67,0.8980956673622131
[Q] באיזה אופן החלה המלחמה בפועל? [T] בתקיפה אווירית ישראלית על שדות תעופה של מצרים. [S] מהלך פתיחה צבאי שכלל תקיפות אוויריות בתחילת העימות.,0.6,0.77,0.875213086605072
[Q] מה הייתה חשיבות המערכה בסיני? [T] לחימה בין ישראל למצרים שהובילה לשינוי שליטה באזור. [S] קרבות משמעותיים בזירת סיני שהשפיעו על תוצאות המלחמה.,0.5,0.44,0.3721351623535156
[Q] כיצד התנהלה הלחימה בגדה המערבית? [T] עימות מול ירדן שהוביל לשליטה ישראלית באזור. [S] קרבות בין ישראל לירדן שהתרחשו במהלך המלחמה.,0.6,0.83,0.7675355076789856
[Q] מה התרחש ברמת הגולן? [T] לחימה מול סוריה שהסתיימה בשליטה ישראלית על האזור. [S] עימות צבאי בזירה הצפונית בין ישראל לסוריה.,0.6,0.36,0.8295375108718872
[Q] כיצד ניתן לתאר את משך המלחמה? [T] המלחמה נמשכה שישה ימים בלבד. [S] עימות קצר יחסית שנמשך מספר ימים בודדים.,0.5,0.92,0.697882890701294
"[Q] מה הייתה תוצאת המלחמה מבחינת שטחים? [T] ישראל שלטה בסיני, הגדה המערבית ורמת הגולן. [S] שינוי טריטוריאלי משמעותי במפת השליטה באזור.",0.6,0.0,0.3578541874885559
[Q] מה ניתן לומר על ההשפעה המדינית? [T] השתנה מאזן הכוחות במזרח התיכון. [S] שינויים ביחסים המדיניים בין מדינות האזור לאחר המלחמה.,0.5,0.35,0.48217299580574036
[Q] כיצד הושפעה האוכלוסייה באזור מהמלחמה? [T] נוצרו שינויים במצב האזורי ובשליטה בשטחים. [S] השפעות מדיניות וחברתיות בעקבות שינויי השליטה לאחר הקרבות.,0.4,0.76,0.9118542075157166
[Q] מה היה תפקיד חיל האוויר הישראלי? [T] ביצע תקיפות פתיחה שהשפיעו על מהלך המלחמה. [S] השתתף באופן מרכזי בתחילת הלחימה באמצעות תקיפות אוויריות.,0.6,0.78,0.7268800139427185
[Q] כיצד הגיבה מצרים בתחילת המלחמה? [T] נכנסה ללחימה בעקבות תקיפות וצעדים קודמים באזור. [S] הייתה מעורבת בעימות שהתפתח במהירות באזור סיני.,0.5,0.1,0.6986169815063477
[Q] מה ניתן לומר על התיאום בין המדינות הערביות? [T] התקיימה שותפות חלקית במאבק נגד ישראל. [S] מספר מדינות פעלו במקביל מול ישראל בזירות שונות.,0.5,0.15,0.7015253901481628
[Q] מה הייתה השפעת המלחמה על הסכסוך הישראלי-ערבי? [T] החרפת המתח והמשך הסכסוך לאורך שנים. [S] השפעה ארוכת טווח על היחסים בין ישראל למדינות ערב.,0.6,0.0,0.594836950302124
[Q] כיצד הסתיימה המלחמה? [T] בהפסקת אש לאחר שישה ימים של לחימה. [S] סיום מהיר של העימות והפסקת הקרבות.,0.5,0.5,0.8929062485694885
[Q] מה ניתן לומר על ההיבט הצבאי הכללי? [T] לחימה במספר חזיתות במקביל. [S] קרבות שהתנהלו בכמה אזורים גיאוגרפיים בו זמנית.,0.6,0.38,0.5485432147979736
[Q] מה הייתה המשמעות האסטרטגית של המלחמה? [T] שינוי בתפיסת הביטחון באזור. [S] השפעה על שיקולים צבאיים ומדיניים במזרח התיכון.,0.6,0.0,0.4220331609249115
[Q] כיצד נתפסה המלחמה מבחינה היסטורית? [T] כאירוע מרכזי בתולדות המזרח התיכון. [S] אירוע חשוב שהשפיע על ההיסטוריה האזורית.,0.5,0.91,0.7796214818954468
[Q] מה ניתן לומר על ההכנות למלחמה? [T] התקיימו הכנות צבאיות ומתיחות גוברת לפני פרוץ הקרבות. [S] תקופה של מתח והיערכות צבאית לפני העימות.,0.5,0.1,0.8005368113517761
[Q] מהי מלחמת יום הכיפורים? [T] מלחמה שהתרחשה באוקטובר 1973 בין ישראל למצרים וסוריה. [S] עימות צבאי שהתרחש בשנת 1973 בין ישראל למדינות ערב המרכזיות באזור.,0.6,0.9,0.901843249797821
[Q] מתי פרצה מלחמת יום הכיפורים? [T] ב־6 באוקטובר 1973. [S] בתחילת אוקטובר 1973 במהלך יום כיפור.,0.5,0.17,0.891575813293457
[Q] אילו מדינות פתחו במתקפה? [T] מצרים וסוריה. [S] מצרים וסוריה שהחלו בהתקפה מתואמת.,0.6,1.0,0.9237319827079773
[Q] מה היה הרקע למלחמה? [T] מתיחות לאחר מלחמת ששת הימים ורצון לשנות את המצב הטריטוריאלי. [S] מצב של מתיחות בין ישראל למדינות ערב לאחר אירועים קודמים באזור.,0.6,0.74,0.6267026662826538
[Q] היכן התרחשו הקרבות העיקריים? [T] בסיני וברמת הגולן. [S] בזירות לחימה בצפון ובדרום ישראל.,0.5,0.0,0.7951316833496094
[Q] מה הייתה מטרת מצרים במלחמה? [T] החזרת חצי האי סיני משליטת ישראל. [S] ניסיון לשנות את השליטה בשטח סיני.,0.6,0.17,0.23901040852069855
[Q] מה הייתה מטרת סוריה במלחמה? [T] החזרת רמת הגולן. [S] ניסיון להשיב שליטה ברמת הגולן.,0.6,0.34,0.45313572883605957
[Q] כיצד התחילה המלחמה בפועל? [T] בהתקפה מתואמת של מצרים וסוריה ביום כיפור. [S] פתיחה במתקפה צבאית פתאומית מצד מצרים וסוריה.,0.6,0.75,0.8145125508308411
[Q] מה היה מצב ההפתעה בתחילת המלחמה? [T] ישראל הופתעה מההתקפה. [S] הייתה תחושת הפתעה בתחילת העימות.,0.5,0.31,0.3908674716949463
[Q] מהו קו בר-לב? [T] קו ביצורים ישראלי לאורך תעלת סואץ. [S] מערכת ביצורים לאורך הגבול בין ישראל למצרים.,0.6,0.85,0.9794328212738037
[Q] מה היה תפקיד חיל האוויר בתחילת המלחמה? [T] התמודד עם התקפות של כוחות מצרים וסוריה. [S] השתתף בלחימה האווירית בזירות שונות.,0.5,0.56,0.3741156756877899
[Q] מה הייתה חשיבות תעלת סואץ? [T] זירה מרכזית בלחימה בין ישראל למצרים. [S] אזור לחימה חשוב בחזית הדרומית.,0.5,0.26,0.5925564169883728
[Q] כיצד התפתחה הלחימה בצפון? [T] עימות עם סוריה ברמת הגולן. [S] קרבות שהתנהלו בזירה הצפונית של המלחמה.,0.6,0.48,0.43987780809402466
[Q] מה הייתה תגובת ישראל לאחר ההפתעה? [T] גיוס כוחות ובלימת ההתקפות. [S] התארגנות צבאית מהירה והמשך הלחימה.,0.5,0.0,0.630553662776947
[Q] מה הייתה מעורבות ברית המועצות וארה״ב? [T] תמיכה מדינית וצבאית עקיפה לצדדים שונים. [S] מעורבות בינלאומית עקיפה במהלך העימות.,0.5,0.0,0.7561086416244507
[Q] מהו מבצע הצליחה? [T] חציית תעלת סואץ על ידי כוחות ישראליים. [S] פעולה צבאית באזור תעלת סואץ במהלך המלחמה.,0.6,0.27,0.7500748634338379
[Q] כיצד הסתיימה המלחמה? [T] בהפסקת אש בתיווך בינלאומי. [S] סיום הלחימה בעקבות הסכמות והפסקת אש.,0.5,0.9,0.8219125270843506
[Q] מה הייתה השפעת המלחמה על ישראל? [T] שינויים בתפיסת הביטחון והנהגה. [S] השפעה על המדיניות והביטחון לאחר המלחמה.,0.6,0.24,0.4953063130378723
[Q] מה הייתה השפעת המלחמה על מצרים? [T] פתחה תהליך מדיני שהוביל בהמשך להסכמים. [S] שינוי ביחסים המדיניים לאחר המלחמה.,0.5,0.0,0.3688390254974365
"[Q] מדוע המלחמה נחשבת משמעותית? [T] בשל ההפתעה, האבידות והשפעותיה המדיניות. [S] אירוע מרכזי בהיסטוריה של המזרח התיכון עם השפעות ארוכות טווח.",0.6,0.26,0.7624122500419617
"[Q] מהי מלחמת יום הכיפורים? [T] מלחמה שהתרחשה באוקטובר 1973 בין ישראל למצרים וסוריה, שכללה מתקפה מתואמת בשתי חזיתות מרכזיות. [S] מלחמה שהתרחשה ב־1973 בין ישראל למדינות ערב, שהתפתחה במהירות והובילה ללחימה ממושכת בזירות שונות במזרח התיכון, תוך דגש על ההיערכות הצבאית והתגובות הראשוניות בשטח.",0.6,0.29,0.9097395539283752
"[Q] מהי מלחמת יום הכיפורים? [T] עימות צבאי שבו מצרים וסוריה פתחו במתקפה מתואמת נגד ישראל ביום כיפור 1973. [S] עימות צבאי גדול שבו פרצה לחימה בין ישראל למדינות ערב, עם התמקדות במצב הביטחוני הכללי ובהשפעות האזוריות של המלחמה לאחר תחילתה.",0.5,0.92,0.9239111542701721
[Q] מה היה הרקע למלחמה? [T] מתיחות שנוצרה לאחר מלחמת ששת הימים ורצון של מצרים וסוריה לשנות את המצב הטריטוריאלי. [S] רקע של מתיחות ממושכת במזרח התיכון שהושפע מאירועים קודמים ויצר מצב של חוסר יציבות אזורי שהוביל להסלמה צבאית.,0.6,0.59,0.8170166611671448
"[Q] מה היה הרקע למלחמה? [T] מצב מתוח בין ישראל למדינות ערב לאחר 1967. [S] רקע של מתחים מדיניים וצבאיים באזור, שהתפתח לאורך זמן והשפיע על היחסים בין המדינות.",0.5,0.49,0.7009300589561462
[Q] כיצד פרצה המלחמה? [T] בהתקפה מתואמת של מצרים וסוריה ביום הכיפורים 1973. [S] המלחמה החלה במתקפה רחבה ומתואמת שגרמה לשינוי מהיר במצב הלחימה באזור.,0.6,0.44,0.8886520266532898
[Q] כיצד פרצה המלחמה? [T] מתקפה פתאומית בשתי חזיתות. [S] פתיחה של עימות צבאי משמעותי שהתפשט לאזורים שונים במזרח התיכון.,0.5,0.0,0.4623872637748718
[Q] מה היה קו בר-לב? [T] מערכת ביצורים ישראלית לאורך תעלת סואץ שנועדה להגן על הגבול עם מצרים. [S] מערך הגנתי שהוקם באזור הגבול והיווה חלק מהיערכות צבאית כוללת באזור הדרומי.,0.6,0.73,0.715137779712677
[Q] מה היה קו בר-לב? [T] קו ביצורים בסיני. [S] מערכת הגנה לאורך הגבול עם מצרים שהייתה חלק מהמצב הביטחוני לפני המלחמה.,0.5,0.41,0.4628121852874756
[Q] מה היה תפקיד החזית הצפונית? [T] לחימה מול סוריה ברמת הגולן שכללה קרבות קשים בתחילת המלחמה. [S] זירה צפונית שבה התנהלו עימותים צבאיים כחלק מהמערכה הכוללת במזרח התיכון.,0.6,0.09,0.7074024677276611
[Q] מה היה תפקיד החזית הצפונית? [T] קרבות ברמת הגולן. [S] אזור לחימה בצפון הארץ שבו התפתחה פעילות צבאית משמעותית.,0.5,0.47,0.23506706953048706
[Q] כיצד התפתחה הלחימה לאחר הפתיחה? [T] ישראל התארגנה מחדש וניהלה קרבות בלימה ולאחר מכן מתקפות נגד. [S] לאחר תחילת המלחמה התפתחו קרבות ממושכים שכללו שינויי שליטה בשטח ותנועות צבאיות שונות.,0.6,0.43,0.9347307085990906
[Q] מה הייתה השפעת המלחמה על המצב האזורי? [T] המלחמה השפיעה על מאזן הכוחות במזרח התיכון והובילה לשינויים מדיניים. [S] השפעות רחבות על המצב המדיני והביטחוני באזור שנמשכו גם לאחר סיום הקרבות.,0.6,0.69,0.7037031650543213
[Q] כיצד הסתיימה המלחמה? [T] בהפסקת אש בתיווך בינלאומי לאחר שבועות של לחימה. [S] סיום הלחימה התרחש לאחר התערבות בינלאומית שהובילה להפסקת אש.,0.5,0.58,0.9777048826217651
[Q] מה הייתה משמעות המלחמה? [T] המלחמה נחשבת לאירוע מרכזי בהיסטוריה של ישראל והמזרח התיכון. [S] אירוע משמעותי שהשפיע על ההיסטוריה האזורית ועל היחסים בין המדינות.,0.6,0.28,0.6199531555175781
[Q] מה ניתן לומר על ההיערכות למלחמה? [T] הייתה היערכות צבאית בשני הצדדים אך עם פערי מודיעין והפתעה בתחילת הלחימה. [S] תקופה של הכנות צבאיות ומתיחות שהשפיעו על תחילת העימות והתגובה הראשונית.,0.6,0.16,0.8325703144073486
"[Q] מהי מלחמת יום הכיפורים? [T] מלחמה שהתרחשה באוקטובר 1973 בין ישראל למצרים וסוריה, כאשר ההתקפה החלה באופן מתואם בכמה חזיתות. [S] מלחמה שהתרחשה בשנת 1973 במזרח התיכון בין ישראל למדינות ערב, שהתפתחה לעימות רחב עם לחימה בזירות שונות והשפעות מדיניות וביטחוניות שנמשכו גם לאחר סיום הקרבות.",0.6,0.36,0.950444757938385
[Q] מה הרקע למלחמת יום הכיפורים? [T] מתיחות שנוצרה לאחר מלחמת ששת הימים כאשר מצרים וסוריה ביקשו לשנות את המצב הטריטוריאלי. [S] רקע של מתחים אזוריים מתמשכים במזרח התיכון שכלל שינויים פוליטיים וצבאיים שהובילו להסלמה בין המדינות.,0.6,0.45,0.827738881111145
"[Q] כיצד החלה מלחמת יום הכיפורים? [T] במתקפה מתואמת של מצרים וסוריה ב־6 באוקטובר 1973, ביום כיפור. [S] תחילת המלחמה התרחשה כאשר פרץ עימות צבאי רחב בזירות שונות והוביל לתגובה מהירה של שני הצדדים.",0.5,0.0,0.7146279215812683
[Q] מה הייתה חשיבות החזית המצרית? [T] לחימה מרכזית בסיני מול מצרים שכללה ניסיון לחצות את תעלת סואץ. [S] זירה דרומית חשובה שבה התנהלו קרבות משמעותיים כחלק מהעימות הכולל באזור.,0.6,0.5,0.61797034740448
[Q] מה הייתה חשיבות החזית הסורית? [T] קרבות קשים ברמת הגולן בין ישראל לסוריה בתחילת המלחמה. [S] אזור לחימה צפוני שבו התרחשו עימותים צבאיים כחלק מהמערכה הכוללת.,0.6,0.52,0.45932650566101074
[Q] מהו קו בר-לב? [T] מערכת ביצורים ישראלית לאורך תעלת סואץ שנועדה להגן על הגבול עם מצרים. [S] מערך הגנתי שהוקם לאורך הגבול ושימש חלק מהיערכות צבאית לפני המלחמה.,0.6,0.73,0.9115565419197083
"[Q] מה היה תפקיד ההפתעה במלחמה? [T] ישראל הופתעה מההתקפה בתחילת המלחמה, דבר שהשפיע על שלביה הראשונים. [S] בתחילת העימות נוצר מצב של הפתעה שהשפיע על התגובה הראשונית וההתארגנות הצבאית.",0.6,0.53,0.8017205595970154
[Q] כיצד התפתחה הלחימה לאחר הימים הראשונים? [T] ישראל עברה מהתגוננות להתקפות נגד בשתי החזיתות המרכזיות. [S] בהמשך הלחימה התפתחו קרבות ממושכים שכללו שינויי שליטה ותמרון צבאי בשטח.,0.6,0.29,0.8222092390060425
[Q] מה הייתה מעורבות הזירה הבינלאומית? [T] ארצות הברית וברית המועצות היו מעורבות בעקיפין דרך תמיכה מדינית ולחצים להפסקת אש. [S] במהלך המלחמה הייתה מעורבות בינלאומית עקיפה שהשפיעה על מהלכים מדיניים באזור.,0.5,0.0,0.8908535838127136
[Q] מה הייתה השפעת המלחמה על ישראל? [T] המלחמה הובילה לשינויים בתפיסת הביטחון ולבחינה מחדש של ההיערכות הצבאית. [S] לאחר המלחמה חל שינוי בגישה הביטחונית ובהבנת האיומים באזור.,0.6,0.34,0.736609160900116
[Q] מה הייתה השפעת המלחמה על מצרים? [T] המלחמה פתחה תהליך מדיני שהוביל בהמשך לשיחות והסכמים עם ישראל. [S] מצרים עברה תהליך מדיני שהשפיע על היחסים האזוריים לאחר סיום הלחימה.,0.6,0.77,0.7753599286079407
[Q] כיצד הסתיימה מלחמת יום הכיפורים? [T] בהפסקת אש בתיווך בינלאומי לאחר שבועות של לחימה. [S] המלחמה הסתיימה לאחר התערבות בינלאומית שהובילה להפסקת הלחימה.,0.5,0.51,0.9471611380577087
[Q] מה הייתה חשיבות תעלת סואץ? [T] אזור מרכזי בלחימה בין ישראל למצרים ששימש זירת קרבות עיקרית. [S] אזור גיאוגרפי חשוב שבו התנהלו עימותים משמעותיים במהלך המלחמה.,0.6,0.8,0.7472719550132751
[Q] מה ניתן לומר על משך הלחימה? [T] הלחימה נמשכה מספר שבועות לאחר פתיחה מהירה של הקרבות. [S] העימות כלל תקופה של לחימה אינטנסיבית שנמשכה מעבר לשלב הראשוני.,0.5,0.95,0.6936020851135254
[Q] מה הייתה מטרת מצרים? [T] ניסיון להשיב את השליטה על חצי האי סיני. [S] יעד מדיני וצבאי לשינוי מצב השליטה באזור סיני.,0.6,0.71,0.621274471282959
[Q] מה הייתה מטרת סוריה? [T] ניסיון להשיב את רמת הגולן משליטת ישראל. [S] מטרה צבאית לשינוי השליטה באזור רמת הגולן.,0.6,0.66,0.6120544672012329
[Q] כיצד השפיעה המלחמה על מאזן הכוחות? [T] נוצר שינוי בתפיסת מאזן הכוחות במזרח התיכון לאחר המלחמה. [S] המלחמה השפיעה על היחסים בין המדינות ועל המצב האזורי לאחר סיומה.,0.5,0.1,0.8276128172874451
[Q] מה היה תפקיד חיל האוויר? [T] חיל האוויר השתתף בלחימה בזירות שונות וסייע בקרבות ההגנה והתקיפה. [S] הכוח האווירי היה חלק מהמאמץ הצבאי הכולל במהלך העימות.,0.6,0.43,0.4175682067871094
[Q] מהי חשיבות המלחמה בהיסטוריה? [T] המלחמה נחשבת לאירוע מרכזי שהשפיע על המזרח התיכון במשך שנים רבות. [S] אירוע היסטורי משמעותי שהותיר השפעות ארוכות טווח באזור.,0.6,0.28,0.867649257183075
"[Q] כיצד ניתן להגדיר את מלחמת יום הכיפורים מבחינה היסטורית? [T] מלחמה שהתרחשה באוקטובר 1973 בין ישראל למצרים וסוריה, ונפתחה במתקפה מתואמת ביום כיפור בשתי חזיתות עיקריות בסיני וברמת הגולן. [S] מלחמה שהתרחשה במזרח התיכון בתקופה של מתיחות בין מדינות שונות, שכללה עימותים צבאיים רחבים והשפעות אזוריות כלליות. היא מתוארת כאירוע משמעותי שבו השתנו יחסי הכוחות באזור, תוך דגש על ההקשר ההיסטורי הרחב ולא על פרטי הפתיחה או מיקומי הקרבות המדויקים.",0.6,0.32,0.6472215056419373
"[Q] מתי התרחשה מלחמת יום הכיפורים ומה משמעות התאריך? [T] המלחמה פרצה ב־6 באוקטובר 1973, ביום כיפור, כאשר מצרים וסוריה פתחו בהתקפה מתואמת על ישראל. [S] המלחמה התרחשה בתחילת שנות ה־70 בתקופה של מתיחות אזורית, והיום שבו פרצה נחשב לסמל של הפתעה כללית והסלמה צבאית במזרח התיכון, אך ללא פירוט מדויק של התאריך או ההקשר הדתי של היום עצמו.",0.5,0.58,0.5294485688209534
"[Q] אילו מדינות היו הצדדים העיקריים במלחמה? [T] ישראל נלחמה מול מצרים וסוריה, כאשר כל מדינה פתחה חזית נפרדת בסיני וברמת הגולן. [S] המלחמה כללה מספר מדינות מהמזרח התיכון שהיו מעורבות בעימות רחב יותר, שבו התקיימו לחצים צבאיים ומדיניים בין ישראל למדינות שכנות באזור.",0.6,0.45,0.7326131463050842
"[Q] מה היה הרקע למלחמת יום הכיפורים? [T] הרקע למלחמה כלל את תוצאות מלחמת ששת הימים, כאשר מצרים וסוריה רצו לשנות את השליטה בשטחים שאיבדו ולהחזיר לעצמן אזורי השפעה. [S] הרקע כלל מתחים היסטוריים וצבאיים ארוכי שנים במזרח התיכון, שהתפתחו לאורך זמן והשפיעו על היחסים בין מדינות האזור ויצרו מצב של חוסר יציבות כללי.",0.6,0.53,0.5153294801712036
[Q] מה היה קו בר-לב ומה תפקידו? [T] קו בר-לב היה מערכת ביצורים ישראלית לאורך תעלת סואץ שנועדה להגן על הגבול עם מצרים לפני המלחמה. [S] מערכת הגנתית שהוקמה באזור דרומי כחלק ממערך ביטחוני רחב יותר שנועד להתמודד עם איומים אזוריים כלליים.,0.6,0.71,0.6630817651748657
"[Q] כיצד התחילה המלחמה בפועל? [T] המלחמה החלה בהתקפה מתואמת של מצרים וסוריה ביום כיפור, עם פתיחת אש בו זמנית בשתי חזיתות מרכזיות. [S] העימות החל בהתפרצות צבאית רחבה שהתפתחה במהירות במספר אזורים במזרח התיכון, כחלק מהסלמה כללית בין מדינות באזור.",0.5,0.52,0.728646993637085
"[Q] מה הייתה ההפתעה בתחילת המלחמה? [T] ישראל הופתעה מההתקפה המתואמת, דבר שהקשה על תגובה מיידית בחזיתות סיני ורמת הגולן. [S] בתחילת העימות נוצר מצב של חוסר מוכנות מספקת, שהשפיע על ההתארגנות הצבאית והתגובה הראשונית של הכוחות בשטח.",0.6,0.11,0.715278685092926
[Q] מה התרחש בחזית המצרית? [T] מצרים חצתה את תעלת סואץ ונלחמה מול כוחות ישראליים בסיני בתחילת המלחמה. [S] בדרום התנהלו קרבות בין ישראל למצרים כחלק מזירה רחבה יותר של העימות האזורי.,0.6,0.84,0.6012777090072632
[Q] מה התרחש בחזית הסורית? [T] סוריה תקפה ברמת הגולן וניהלה קרבות קשים מול כוחות ישראליים. [S] בצפון התרחשו עימותים צבאיים בין ישראל לסוריה כחלק מהמערכה הכוללת.,0.6,0.34,0.8221603035926819
[Q] כיצד התפתחה הלחימה לאחר הימים הראשונים? [T] לאחר ההפתעה הראשונית ישראל התארגנה מחדש ועברה לקרבות בלימה ובהמשך למתקפות נגד. [S] בהמשך המלחמה התנהלו קרבות ממושכים שהתפתחו בכמה אזורים וכללו שינויי מצב כלליים בשטח.,0.6,0.19,0.7749017477035522
[Q] מה היה תפקיד מעצמות העל במלחמה? [T] ארצות הברית וברית המועצות היו מעורבות בעקיפין באמצעות תמיכה ולחצים מדיניים להפסקת אש. [S] במהלך המלחמה הייתה מעורבות בינלאומית עקיפה של מדינות גדולות שהשפיעה על תהליכים מדיניים כלליים באזור.,0.5,0.31,0.9262186884880066
[Q] מה הייתה השפעת המלחמה על ישראל? [T] המלחמה הובילה לשינוי תפיסת הביטחון ולבחינה מחדש של ההיערכות הצבאית. [S] לאחר המלחמה התרחשו שינויים כלליים בגישה הביטחונית ובחשיבה האסטרטגית של המדינה.,0.6,0.0,0.7241888046264648
[Q] מה הייתה השפעת המלחמה על מצרים? [T] המלחמה פתחה תהליך מדיני שהוביל בהמשך להסכמים בין מצרים לישראל. [S] בעקבות המלחמה החלו תהליכים מדיניים רחבים יותר שהשפיעו על היחסים האזוריים במזרח התיכון.,0.6,0.89,0.7828107476234436
[Q] כיצד הסתיימה מלחמת יום הכיפורים? [T] המלחמה הסתיימה בהפסקת אש בתיווך בינלאומי לאחר שבועות של לחימה. [S] סיום הלחימה התרחש בעקבות התערבות בינלאומית שהובילה לעצירת הקרבות ולהסדרה כללית של המצב באזור.,0.5,0.75,0.9298727512359619
[Q] מה הייתה חשיבות תעלת סואץ במלחמה? [T] תעלת סואץ הייתה זירה מרכזית בלחימה בין ישראל למצרים בסיני. [S] אזור גיאוגרפי חשוב שבו התרחשו עימותים כחלק מהמערכה הכוללת במזרח התיכון.,0.6,0.26,0.6922754645347595
[Q] מה הייתה מטרת מצרים במלחמה? [T] מצרים ביקשה להשיב את השליטה על חצי האי סיני שנכבש ב־1967. [S] מצרים פעלה לשינוי המצב הטריטוריאלי באזור במסגרת הסכסוך הכולל עם ישראל.,0.6,0.33,0.4840153157711029
[Q] מה הייתה מטרת סוריה במלחמה? [T] סוריה ביקשה להשיב את השליטה ברמת הגולן שנכבשה ב־1967. [S] סוריה ניסתה לשנות את מאזן השליטה באזור הצפון במסגרת העימות האזורי.,0.6,0.72,0.47498032450675964
[Q] מה הייתה השפעת המלחמה על מאזן הכוחות? [T] המלחמה שינתה את תפיסת מאזן הכוחות במזרח התיכון והשפיעה על יחסי המדינות. [S] לאחר המלחמה חל שינוי כללי במצב המדיני והביטחוני באזור והשפעה על יחסים בין מדינות.,0.5,0.54,0.8195400834083557
[Q] מה היה תפקיד חיל האוויר במלחמה? [T] חיל האוויר השתתף בלחימה וסייע בקרבות ההגנה והתקיפה בזירות השונות. [S] הכוח האווירי היה חלק מהמאמץ הצבאי הכולל ופעל במסגרת העימות הרחב.,0.6,0.46,0.519184947013855
"[Q] מדוע מלחמת יום הכיפורים נחשבת משמעותית? [T] בשל ההפתעה, היקף הקרבות והשפעותיה ארוכות הטווח על המזרח התיכון. [S] המלחמה נחשבת אירוע מרכזי שהשפיע על ההיסטוריה האזורית ועל היחסים בין המדינות לאורך זמן.",0.6,0.33,0.7875078320503235
[Q] מהי מלחמת יום הכיפורים? [T] מלחמה שהתרחשה באוקטובר 1973 בין ישראל למצרים וסוריה ונפתחה בהתקפה מתואמת בשתי חזיתות מרכזיות. [S] מלחמת יום הכיפורים הייתה מלחמה בין ישראל למצרים וסוריה בשנת 1973. היא התקיימה כחלק מסכסוך רחב יותר במזרח התיכון וכללה לחימה במספר אזורים שונים. המלחמה נחשבת לאירוע מרכזי בהיסטוריה של האזור והשפיעה על יחסי המדינות לאורך זמן.,0.7,1.0,0.7506634593009949
[Q] מתי פרצה מלחמת יום הכיפורים? [T] ב־6 באוקטובר 1973 ביום כיפור. [S] המלחמה פרצה בשנת 1973 בתקופה של מתיחות בין ישראל למדינות האזור והסלמה צבאית כללית.,0.5,0.17,0.8035452961921692
"[Q] מי היו הצדדים הלוחמים? [T] ישראל נלחמה מול מצרים וסוריה. [S] ישראל נלחמה מול מדינות שונות במזרח התיכון, כולל מצרים וסוריה, במסגרת עימות אזורי רחב.",0.8,1.0,0.8601239323616028
[Q] מה היה הרקע למלחמה? [T] מתיחות לאחר מלחמת ששת הימים ורצון לשינוי מצב טריטוריאלי. [S] הרקע כלל מתחים ארוכי שנים בין מדינות האזור והתפתחות סכסוך מדיני וצבאי מתמשך.,0.6,0.47,0.7632706165313721
[Q] מהו קו בר-לב? [T] מערכת ביצורים ישראלית לאורך תעלת סואץ. [S] קו בר-לב היה מערכת הגנה ישראלית לאורך גבול הדרום מול מצרים.,0.7,0.85,0.9031020998954773
[Q] מה הייתה החזית הסורית? [T] קרבות ברמת הגולן בין ישראל לסוריה. [S] החזית הסורית הייתה אזור לחימה בצפון שבו התקיימו קרבות בין ישראל לסוריה.,0.7,0.71,0.6197243332862854
[Q] מה הייתה החזית המצרית? [T] קרבות בסיני וניסיון מצרי לחצות את תעלת סואץ. [S] החזית המצרית כללה קרבות בין ישראל למצרים באזור סיני ותעלת סואץ.,0.7,0.76,0.7412786483764648
[Q] כיצד התחילה המלחמה? [T] בהתקפה מתואמת של מצרים וסוריה ביום כיפור. [S] המלחמה החלה עם פרוץ קרבות בין ישראל למצרים וסוריה במקביל בזירות שונות.,0.6,0.4,0.7460947632789612
[Q] מה הייתה ההפתעה בתחילת המלחמה? [T] ישראל הופתעה מהמתקפה המתואמת. [S] בתחילת המלחמה הייתה הפתעה אסטרטגית וחוסר מוכנות של הכוחות.,0.7,0.31,0.7436987161636353
[Q] כיצד התפתחה הלחימה? [T] לאחר ההפתעה ישראל עברה לבלימה ולמתקפות נגד. [S] הלחימה התפתחה לקרבות ממושכים בזירות שונות עם שינויי שליטה בשטח.,0.6,0.15,0.7024412751197815
[Q] מה הייתה מעורבות המעצמות? [T] ארצות הברית וברית המועצות היו מעורבות בלחץ מדיני. [S] מעצמות גדולות היו מעורבות והשפיעו על מהלכים מדיניים בזמן המלחמה.,0.5,0.0,0.871959924697876
[Q] מה הייתה השפעת המלחמה על ישראל? [T] שינוי תפיסת הביטחון והיערכות מחדש. [S] המלחמה הובילה לשינויים בגישה הביטחונית ובתהליכי קבלת ההחלטות בישראל.,0.6,0.41,0.7399512529373169
[Q] מה הייתה השפעת המלחמה על מצרים? [T] פתיחת תהליך מדיני עם ישראל. [S] לאחר המלחמה נוצרו תהליכים מדיניים ושינויים ביחסים עם ישראל.,0.6,0.43,0.6899781227111816
[Q] כיצד הסתיימה המלחמה? [T] בהפסקת אש בתיווך בינלאומי. [S] המלחמה הסתיימה בהפסקת אש לאחר התערבות בינלאומית.,0.8,0.67,0.9770975112915039
[Q] מה הייתה חשיבות תעלת סואץ? [T] אזור מרכזי בלחימה בין ישראל למצרים. [S] תעלת סואץ הייתה אזור לחימה חשוב בין ישראל למצרים.,0.8,1.0,0.9044081568717957
[Q] מה הייתה מטרת מצרים? [T] השבת השליטה על סיני. [S] מצרים ניסתה לשנות את המצב באזור סיני במסגרת העימות.,0.6,0.1,0.22696281969547272
[Q] מה הייתה מטרת סוריה? [T] השבת רמת הגולן. [S] סוריה פעלה לשינוי השליטה ברמת הגולן.,0.7,0.47,0.2789084017276764
[Q] מה היה תפקיד חיל האוויר? [T] סיוע בקרבות תקיפה והגנה. [S] חיל האוויר השתתף בלחימה בזירות שונות והשפיע על הקרבות.,0.6,0.3,0.37792935967445374
[Q] מה הייתה חשיבות המלחמה? [T] אירוע מרכזי בהיסטוריה האזורית. [S] המלחמה הייתה אירוע משמעותי שהשפיע על המזרח התיכון.,0.6,0.62,0.5472325086593628
[Q] מה הייתה ועדת אגרנט? [T] ועדת חקירה ממלכתית. [S] ועדת אגרנט חקרה את התנהלות המלחמה והמערכת הביטחונית.,0.7,0.9,0.5150880813598633
[Q] מה היה שינוי בתפיסת הביטחון? [T] התאמת המדיניות הביטחונית לאחר המלחמה. [S] לאחר המלחמה השתנתה הגישה הביטחונית של ישראל.,0.6,0.19,0.48172634840011597
[Q] מהי מלחמת יום הכיפורים? [T] מלחמה שהתרחשה באוקטובר 1973 בין ישראל למצרים וסוריה ונפתחה בהתקפה מתואמת בשתי חזיתות מרכזיות. [S] מלחמת יום הכיפורים הייתה מלחמה בין ישראל למצרים וסוריה בשנת 1973. היא כללה לחימה בזירות שונות במזרח התיכון במסגרת סכסוך אזורי מתמשך. במהלך המלחמה התרחשו קרבות משמעותיים בכמה אזורים והמצב הביטחוני השתנה.,0.7,1.0,0.6495622992515564
[Q] מתי פרצה מלחמת יום הכיפורים? [T] ב־6 באוקטובר 1973 ביום כיפור. [S] המלחמה פרצה בשנת 1973 בתקופה של מתיחות צבאית בין ישראל למדינות האזור.,0.5,0.17,0.7156123518943787
[Q] מי היו הצדדים הלוחמים? [T] ישראל נלחמה מול מצרים וסוריה. [S] ישראל הייתה בעימות מול מצרים וסוריה במסגרת מלחמה אזורית במזרח התיכון.,0.8,0.68,0.8920512199401855
[Q] מה היה הרקע למלחמה? [T] מתיחות לאחר מלחמת ששת הימים ורצון לשינוי מצב טריטוריאלי. [S] הרקע כלל מתחים מתמשכים בין מדינות האזור והמשך הסכסוך לאחר אירועים קודמים.,0.6,0.47,0.7110226154327393
[Q] מהו קו בר-לב? [T] מערכת ביצורים ישראלית לאורך תעלת סואץ. [S] קו בר-לב היה מערכת ביצורים לאורך גבול הדרום של ישראל.,0.7,0.96,0.8523135781288147
[Q] מה הייתה החזית הסורית? [T] קרבות ברמת הגולן בין ישראל לסוריה. [S] החזית הסורית הייתה אזור לחימה בצפון שבו התרחשו קרבות בין ישראל לסוריה.,0.7,0.71,0.6121253371238708
[Q] מה הייתה החזית המצרית? [T] קרבות בסיני וניסיון מצרי לחצות את תעלת סואץ. [S] החזית המצרית כללה לחימה בין ישראל למצרים באזור סיני ותעלת סואץ.,0.7,0.76,0.7022831439971924
[Q] כיצד התחילה המלחמה? [T] בהתקפה מתואמת של מצרים וסוריה ביום כיפור. [S] המלחמה החלה בפרוץ קרבות בין ישראל למצרים וסוריה בזירות שונות במקביל.,0.6,0.26,0.6891300082206726
[Q] מה הייתה ההפתעה בתחילת המלחמה? [T] ישראל הופתעה מהמתקפה המתואמת. [S] בתחילת המלחמה הייתה הפתעה וחוסר מוכנות של הכוחות בשטח.,0.7,0.31,0.6752502918243408
[Q] כיצד התפתחה הלחימה? [T] לאחר ההפתעה ישראל עברה לבלימה ולמתקפות נגד. [S] הלחימה התפתחה לקרבות ממושכים עם שינויי שליטה בין הצדדים בזירות שונות.,0.6,0.15,0.6962445378303528
[Q] מה הייתה מעורבות המעצמות? [T] ארצות הברית וברית המועצות היו מעורבות בלחץ מדיני. [S] מעצמות גדולות היו מעורבות והשפיעו על ההתפתחויות המדיניות במהלך המלחמה.,0.5,0.0,0.8469724655151367
[Q] מה הייתה השפעת המלחמה על ישראל? [T] שינוי תפיסת הביטחון והיערכות מחדש. [S] המלחמה הובילה לשינויים בתפיסת הביטחון של ישראל ובמערכת קבלת ההחלטות.,0.6,0.68,0.7967798113822937
[Q] מה הייתה השפעת המלחמה על מצרים? [T] פתיחת תהליך מדיני עם ישראל. [S] לאחר המלחמה חל שינוי ביחסים בין מצרים לישראל והחלו תהליכים מדיניים.,0.6,0.91,0.7600657343864441
[Q] כיצד הסתיימה המלחמה? [T] בהפסקת אש בתיווך בינלאומי. [S] המלחמה הסתיימה בהפסקת אש לאחר התערבות בינלאומית.,0.8,0.67,0.9770975112915039
[Q] מה הייתה חשיבות תעלת סואץ? [T] אזור מרכזי בלחימה בין ישראל למצרים. [S] תעלת סואץ הייתה אזור לחימה חשוב בין ישראל למצרים במסגרת המלחמה.,0.8,1.0,0.8631277680397034
[Q] מה הייתה מטרת מצרים? [T] השבת השליטה על סיני. [S] מצרים ניסתה לשנות את המצב בשטח סיני במסגרת העימות.,0.6,0.1,0.208316370844841
[Q] מה הייתה מטרת סוריה? [T] השבת רמת הגולן. [S] סוריה פעלה לשינוי השליטה ברמת הגולן במהלך המלחמה.,0.7,0.47,0.3432098925113678
[Q] מה היה תפקיד חיל האוויר? [T] סיוע בקרבות תקיפה והגנה. [S] חיל האוויר השתתף בלחימה והשפיע על הקרבות בזירות שונות.,0.6,0.3,0.40026625990867615
[Q] מה הייתה חשיבות המלחמה? [T] אירוע מרכזי בהיסטוריה האזורית. [S] המלחמה הייתה אירוע מרכזי שהשפיע על המזרח התיכון לאורך זמן.,0.6,0.62,0.6706509590148926
[Q] מה הייתה ועדת אגרנט? [T] ועדת חקירה ממלכתית. [S] ועדת אגרנט חקרה את התנהלות המלחמה והמערכת הביטחונית בישראל.,0.7,0.9,0.5689822435379028
[Q] מהי ההתרעה המודיעינית לפני המלחמה? [T] התרעה מודיעינית נועדה לספק אזהרה מוקדמת מפני מלחמה אפשרית. [S] ההתרעה המודיעינית עסקה באיסוף מידע על פעילות צבאית של מדינות האזור ובהערכת הסיכון לפרוץ עימות. היא התבססה על מקורות מודיעיניים שונים שנועדו לזהות שינויי היערכות.,0.6,0.95,0.876876711845398
[Q] מהי 'הקונספציה' בהקשר למלחמה? [T] תפיסה לפיה מצרים לא תפתח במלחמה לפני שתוכל להתמודד עם חיל האוויר הישראלי. [S] הקונספציה הייתה תפיסה מודיעינית שהשפיעה על הערכות ישראל לגבי הסבירות למלחמה עם מצרים וסוריה.,0.7,0.0,0.9228646755218506
[Q] מה היה כשל המודיעין המרכזי? [T] אי זיהוי כוונת ההתקפה המתואמת של מצרים וסוריה. [S] כשל המודיעין התבטא בהערכה שגויה של כוונות המדינות השכנות והיערכות לא מספקת.,0.6,0.42,0.9585147500038147
[Q] מהו מבצע חציית התעלה? [T] פעולה שבה צה״ל חצה את תעלת סואץ למערב התעלה. [S] המבצע כלל מעבר של כוחות צה״ל מעבר לתעלת סואץ כחלק מהלחימה.,0.7,0.9,0.8480058312416077
[Q] מה הייתה מטרת מתקפת הנגד הישראלית? [T] להשיב שליטה ולשפר עמדות בשתי החזיתות. [S] מתקפת הנגד נועדה לשנות את המצב הצבאי ולהשפיע על מהלך הקרבות.,0.6,0.33,0.3820585012435913
[Q] מה התרחש בגולן בתחילת הלחימה? [T] מתקפה סורית על רמת הגולן. [S] ברמת הגולן התרחשו קרבות בין ישראל לסוריה בתחילת המלחמה.,0.6,0.34,0.8975359201431274
[Q] מה התרחש בסיני בתחילת המלחמה? [T] מעבר מצרי של תעלת סואץ והתקדמות בסיני. [S] בסיני התנהלו קרבות בין ישראל למצרים כחלק מהחזית הדרומית.,0.6,0.66,0.5540133714675903
[Q] מה היה תפקיד קבינט המלחמה? [T] קבלת החלטות מדיניות וביטחוניות בזמן המלחמה. [S] הקבינט עסק בניהול ההחלטות המרכזיות של המדינה במהלך הלחימה.,0.7,0.87,0.6336276531219482
[Q] מה הייתה השפעת המלחמה על החברה בישראל? [T] זעזוע ציבורי ושינוי תפיסות. [S] המלחמה השפיעה על החברה הישראלית ויצרה דיון ציבורי רחב על ניהול המדינה.,0.6,0.0,0.7701638340950012
[Q] מהו מבצעי הסיוע האמריקאי? [T] אספקת ציוד צבאי לישראל בזמן המלחמה. [S] ארצות הברית סיפקה סיוע לישראל במהלך המלחמה באמצעות העברת ציוד.,0.6,0.89,0.8849220871925354
[Q] מה היה תפקיד ברית המועצות במלחמה? [T] תמיכה במדינות ערב וסיוע מדיני. [S] ברית המועצות הייתה מעורבת בהיבטים מדיניים והשפיעה על מאזן הכוחות הבינלאומי.,0.5,0.0,0.6500663757324219
[Q] מה הייתה חשיבות החלטה 338? [T] קריאה להפסקת אש ויישום החלטות קודמות. [S] החלטה 338 קראה להפסקת אש בין הצדדים והיוותה בסיס לסיום הלחימה.,0.7,0.84,0.8059227466583252
[Q] מה היה מצב הצבא הישראלי בתחילת המלחמה? [T] מצב של חוסר מוכנות יחסית להתקפה. [S] בתחילת המלחמה הצבא הישראלי התמודד עם מצב מורכב בזירות שונות.,0.6,0.54,0.4022188186645508
[Q] מה הייתה מטרת ההתקפה המצרית? [T] חציית התעלה והשתלטות על חלקים מסיני. [S] מצרים פתחה במתקפה במסגרת ניסיון לשנות את המצב בסיני.,0.6,0.0,0.45357027649879456
[Q] מה הייתה מטרת ההתקפה הסורית? [T] השתלטות על רמת הגולן. [S] סוריה פתחה במתקפה בצפון במסגרת העימות.,0.6,0.0,0.28854018449783325
[Q] מה היה תפקיד השריון במלחמה? [T] עיקר הכוח הקרקעי בלחימה. [S] כוחות השריון השתתפו בקרבות קרקעיים בזירות השונות.,0.6,0.62,0.5422691106796265
[Q] מה הייתה השפעת המלחמה על הכלכלה? [T] עומס כלכלי והוצאות ביטחוניות גבוהות. [S] המלחמה השפיעה על הכלכלה הישראלית והצריכה משאבים רבים.,0.5,0.0,0.800018846988678
[Q] מה היה תפקיד המילואים? [T] תגבור הכוחות הסדירים בזמן המלחמה. [S] כוחות המילואים גויסו והשתתפו בלחימה בזירות שונות.,0.7,0.52,0.3947141170501709
[Q] מה היה אחד מאפייני המלחמה המרכזיים? [T] לחימה בשתי חזיתות במקביל. [S] המלחמה התאפיינה בלחימה במספר אזורים בו זמנית במזרח התיכון.,0.6,0.38,0.52615886926651
[Q] מה הייתה התוצאה המדינית של המלחמה? [T] פתיחת תהליכי שלום ושיחות בין הצדדים. [S] לאחר המלחמה החלו תהליכים מדיניים בין המדינות המעורבות.,0.6,0.48,0.7822069525718689
"[Q] מהי מלחמת יום הכיפורים? [T] מלחמה שהתרחשה באוקטובר 1973 בין ישראל למצרים וסוריה ונפתחה בהתקפה מתואמת בשתי חזיתות מרכזיות. [S] מלחמת יום הכיפורים הייתה מלחמה שהתרחשה באוקטובר 1973 בין ישראל לבין מצרים וסוריה. היא נפתחה בהתקפה מתואמת בשתי חזיתות מרכזיות, בסיני וברמת הגולן, כחלק מהסכסוך הערבי-ישראלי המתמשך.",0.95,1.0,0.9683487415313721
"[Q] מתי פרצה מלחמת יום הכיפורים? [T] ב־6 באוקטובר 1973 ביום כיפור. [S] מלחמת יום הכיפורים פרצה ב־6 באוקטובר 1973, ביום כיפור, בתקופה של מתיחות ביטחונית גבוהה בין ישראל למדינות ערב.",0.98,0.91,0.9181663990020752
"[Q] מי היו הצדדים הלוחמים? [T] ישראל נלחמה מול מצרים וסוריה. [S] הצדדים הלוחמים היו ישראל מול מצרים וסוריה, אשר פתחו במתקפה מתואמת בשתי חזיתות שונות.",0.97,0.68,0.8961191177368164
[Q] מהו קו בר-לב? [T] מערכת ביצורים ישראלית לאורך תעלת סואץ. [S] קו בר-לב היה מערכת ביצורים ומוצבים ישראליים שהוקמה לאורך תעלת סואץ במטרה להגן על גבול ישראל מול מצרים.,0.95,0.97,1.0055238008499146
"[Q] מה הייתה החזית הסורית? [T] קרבות ברמת הגולן בין ישראל לסוריה. [S] החזית הסורית הייתה זירת לחימה בצפון, ברמת הגולן, שבה התנהלו קרבות קשים בין ישראל לסוריה בתחילת המלחמה.",0.96,0.96,0.7636905908584595
"[Q] מה הייתה החזית המצרית? [T] קרבות בסיני וניסיון מצרי לחצות את תעלת סואץ. [S] החזית המצרית התנהלה בסיני ובאזור תעלת סואץ, שם הצליחו כוחות מצרים לחצות את התעלה ולהתבסס ממזרח לה בתחילת הלחימה.",0.95,0.71,0.7661719918251038
"[Q] כיצד התחילה המלחמה? [T] בהתקפה מתואמת של מצרים וסוריה ביום כיפור. [S] המלחמה החלה בהתקפה מתואמת של מצרים וסוריה ב־6 באוקטובר 1973, כאשר שתי המדינות פתחו במתקפה בו זמנית בסיני וברמת הגולן.",0.98,0.75,0.8917467594146729
"[Q] מה הייתה ההפתעה בתחילת המלחמה? [T] ישראל הופתעה מהמתקפה המתואמת. [S] בתחילת המלחמה ישראל הופתעה מהמתקפה המתואמת של מצרים וסוריה, דבר שהוביל לקושי בבלימת הכוחות בשעות ובימים הראשונים.",0.97,1.0,0.7330738306045532
"[Q] כיצד התפתחה הלחימה? [T] לאחר ההפתעה ישראל עברה לבלימה ולמתקפות נגד. [S] לאחר שלב ההפתעה הראשוני, ישראל עברה לקרבות בלימה בשתי החזיתות ובהמשך ביצעה מתקפות נגד שהובילו לשינוי במצב בשטח.",0.96,0.98,0.8783966302871704
[Q] מה הייתה מעורבות המעצמות? [T] ארצות הברית וברית המועצות היו מעורבות בלחץ מדיני. [S] ארצות הברית וברית המועצות היו מעורבות במהלך המלחמה בעיקר בלחץ מדיני ובניסיונות לקדם הפסקת אש בין הצדדים.,0.95,0.72,0.8447793126106262
"[Q] מה הייתה השפעת המלחמה על ישראל? [T] שינוי תפיסת הביטחון והיערכות מחדש. [S] המלחמה הובילה לשינוי עמוק בתפיסת הביטחון של ישראל, להפקת לקחים מערכתית ולשינויים במדיניות ההיערכות הצבאית והמדינית.",0.97,0.93,0.9058619141578674
[Q] מה הייתה ועדת אגרנט? [T] ועדת חקירה ממלכתית. [S] ועדת אגרנט הייתה ועדת חקירה ממלכתית שהוקמה לאחר המלחמה כדי לבדוק את נסיבות פריצתה ואת התנהלות מערכת הביטחון במהלכה.,0.96,1.0,0.8820527791976929
"[Q] כיצד הסתיימה המלחמה? [T] בהפסקת אש בתיווך בינלאומי. [S] המלחמה הסתיימה בהפסקת אש שהושגה בתיווך בינלאומי, לאחר לחימה ממושכת בשתי החזיתות.",0.98,0.91,0.9541983604431152
"[Q] מה הייתה חשיבות תעלת סואץ? [T] אזור מרכזי בלחימה בין ישראל למצרים. [S] תעלת סואץ הייתה אזור מרכזי בלחימה בין ישראל למצרים, ושימשה מוקד אסטרטגי חשוב במיוחד בחזית הדרומית.",0.95,1.0,0.8935216069221497
"[Q] מה היה תפקיד חיל האוויר? [T] סיוע בקרבות תקיפה והגנה. [S] חיל האוויר הישראלי מילא תפקיד מרכזי בלחימה, הן בהגנה על המרחב האווירי והן בתקיפות נגד מטרות אויב בזירות השונות.",0.96,0.47,0.7418897747993469
"[Q] מה היה קו ההגנה הישראלי בתחילת המלחמה בדרום? [T] קו בר-לב לאורך תעלת סואץ. [S] קו ההגנה הישראלי בדרום היה קו בר-לב, שכלל מוצבים וביצורים לאורך תעלת סואץ מול מצרים.",0.96,0.95,0.88694828748703
[Q] מה הייתה מטרת פתיחת המתקפה המצרית? [T] חציית תעלת סואץ והשגת שליטה ממזרח לה. [S] מטרת המתקפה המצרית הייתה לחצות את תעלת סואץ ולהתבסס ממזרח לה כדי לשנות את מצב השליטה בסיני.,0.97,0.54,0.961591362953186
[Q] מה הייתה מטרת המתקפה הסורית? [T] השתלטות על רמת הגולן. [S] המתקפה הסורית נועדה לכבוש את רמת הגולן ולהשיג הישגים טריטוריאליים מול ישראל בצפון.,0.97,0.47,0.7489030361175537
"[Q] מהו מאפיין מרכזי של פתיחת המלחמה? [T] מתקפה מתואמת בשתי חזיתות. [S] המלחמה נפתחה במתקפה מתואמת של מצרים וסוריה בשתי חזיתות במקביל, בדרום ובצפון.",0.98,0.94,0.8976622223854065
[Q] מה הייתה תגובת ישראל בימים הראשונים? [T] בלימה של הכוחות הפולשים. [S] בימים הראשונים ישראל עסקה בבלימת הכוחות המצריים והסוריים ובהתארגנות מחודשת בשתי החזיתות.,0.96,0.95,0.7652614712715149
[Q] מה התרחש ברמת הגולן בתחילת הלחימה? [T] קרבות קשים מול הצבא הסורי. [S] ברמת הגולן התנהלו קרבות קשים בין כוחות צה״ל לצבא הסורי בתחילת המלחמה.,0.95,0.95,0.9555461406707764
[Q] מה התרחש בסיני בתחילת הלחימה? [T] חציית התעלה על ידי מצרים. [S] בסיני כוחות מצרים חצו את תעלת סואץ והתקדמו מזרחה בתחילת המלחמה.,0.96,1.03,0.9179769158363342
[Q] מה הייתה חשיבות ההפתעה האסטרטגית? [T] פגיעה במוכנות הצבאית של ישראל. [S] ההפתעה האסטרטגית פגעה במוכנות של ישראל בתחילת המלחמה והשפיעה על התגובה הראשונית.,0.97,0.91,0.8226537108421326
[Q] מי עמד בראש ממשלת ישראל בזמן המלחמה? [T] גולדה מאיר. [S] ראש ממשלת ישראל בזמן מלחמת יום הכיפורים הייתה גולדה מאיר.,0.99,1.0,0.9101128578186035
[Q] מי היה שר הביטחון במלחמה? [T] משה דיין. [S] משה דיין שימש כשר הביטחון של ישראל במהלך מלחמת יום הכיפורים.,0.99,1.0,0.8814562559127808
[Q] מי היה הרמטכ״ל בתחילת המלחמה? [T] דוד אלעזר. [S] דוד אלעזר (דדו) היה הרמטכ״ל של צה״ל בתחילת מלחמת יום הכיפורים.,0.99,1.0,0.8956499099731445
[Q] מה הייתה חשיבות גיוס המילואים? [T] חיזוק הכוחות הסדירים. [S] גיוס המילואים היה חיוני לחיזוק הכוחות הסדירים ולהמשך הלחימה בשתי החזיתות.,0.97,0.96,0.8593786954879761
[Q] מה היה תפקיד חיל השריון? [T] עיקר הלחימה הקרקעית. [S] חיל השריון היווה כוח מרכזי בלחימה הקרקעית ופעל בשתי החזיתות במהלך המלחמה.,0.96,0.58,0.7335972785949707
[Q] מה היה תפקיד חיל האוויר? [T] תקיפה והגנה אווירית. [S] חיל האוויר ביצע משימות תקיפה והגנה אווירית וסייע לכוחות הקרקע במהלך הקרבות.,0.96,0.95,0.677582323551178
[Q] מה הייתה מעורבות ארצות הברית? [T] סיוע ולחץ מדיני להפסקת אש. [S] ארצות הברית הייתה מעורבת במתן סיוע לישראל ובמאמצים דיפלומטיים להשגת הפסקת אש.,0.95,0.7,0.9389695525169373
[Q] מה הייתה מעורבות ברית המועצות? [T] תמיכה מדינית במדינות ערב. [S] ברית המועצות תמכה מדינית במדינות ערב והשפיעה על המערכת הבינלאומית במהלך המלחמה.,0.95,0.26,0.8376121520996094
[Q] מה הייתה החלטה 338? [T] קריאה להפסקת אש. [S] החלטה 338 של מועצת הביטחון קראה להפסקת אש בין הצדדים ולתחילת תהליך מדיני.,0.98,0.9,0.6512263417243958
[Q] מה היה שלב מתקפות הנגד? [T] ניסיון ישראלי לשנות את תנאי הלחימה. [S] לאחר שלב הבלימה ישראל עברה למתקפות נגד שנועדו לשפר עמדות ולשנות את מצב הקרבות.,0.96,0.62,0.8634973764419556
[Q] מה היה אחד השינויים המרכזיים לאחר המלחמה? [T] שינוי תפיסת הביטחון בישראל. [S] לאחר המלחמה חל שינוי משמעותי בתפיסת הביטחון של ישראל ובהיערכות הצבאית לעתיד.,0.97,1.0,0.90835040807724
[Q] מה הייתה השפעת המלחמה על האזור? [T] שינוי במאזן המדיני והביטחוני. [S] המלחמה שינתה את המאזן המדיני והביטחוני במזרח התיכון והובילה לתהליכים אזוריים חדשים.,0.96,0.95,0.7195373773574829
[Q] מהי מלחמת יום הכיפורים? [T] מלחמה שהתרחשה באוקטובר 1973 בין ישראל למצרים וסוריה ונפתחה בהתקפה מתואמת בשתי חזיתות מרכזיות. [S] מלחמת יום הכיפורים הייתה מלחמה בין ישראל לאירופה סביב גבולות יבשתיים בשנות ה־80.,0,0.97,0.3084622025489807
[Q] מתי פרצה מלחמת יום הכיפורים? [T] ב־6 באוקטובר 1973 ביום כיפור. [S] המלחמה פרצה בשנת 1967 לאחר מלחמת ששת הימים.,0,0.81,0.6152446866035461
[Q] מי היו הצדדים הלוחמים? [T] ישראל נלחמה מול מצרים וסוריה. [S] הצדדים היו ישראל וארצות הברית בלבד במסגרת הסכם הגנה משותף.,0,0.67,0.3750233054161072
[Q] מה היה הרקע למלחמה? [T] מתיחות לאחר מלחמת ששת הימים ורצון לשינוי מצב טריטוריאלי. [S] הרקע היה סכסוך כלכלי על נפט בין ישראל ליפן.,0,0.14,0.19645868241786957
[Q] מהו קו בר-לב? [T] מערכת ביצורים ישראלית לאורך תעלת סואץ. [S] קו בר-לב היה כביש מהיר שחיבר בין תל אביב לאילת.,0,0.25,0.1681811511516571
[Q] מה הייתה החזית הסורית? [T] קרבות ברמת הגולן בין ישראל לסוריה. [S] החזית הסורית הייתה אזור לחימה בדרום מול ירדן.,0,0.45,0.19973628222942352
[Q] מה הייתה החזית המצרית? [T] קרבות בסיני וניסיון מצרי לחצות את תעלת סואץ. [S] החזית המצרית הייתה באזור לבנון מול חיזבאללה.,0,0.55,0.2004539966583252
[Q] כיצד התחילה המלחמה? [T] בהתקפה מתואמת של מצרים וסוריה ביום כיפור. [S] המלחמה התחילה בהסכם שלום שנחתם בירושלים.,0,0.0,0.2511093020439148
[Q] מה הייתה ההפתעה בתחילת המלחמה? [T] ישראל הופתעה מהמתקפה המתואמת. [S] לא הייתה שום הפתעה כי המלחמה הוכרזה מראש בטלוויזיה.,0,0.0,0.11353305727243423
[Q] כיצד התפתחה הלחימה? [T] לאחר ההפתעה ישראל עברה לבלימה ולמתקפות נגד. [S] הלחימה התפתחה למשחק ספורט בין הצדדים.,0,0.15,0.2788212299346924
[Q] מה הייתה מעורבות המעצמות? [T] ארצות הברית וברית המועצות היו מעורבות בלחץ מדיני. [S] סין הייתה הכוח המרכזי שנלחם ישירות בכל הקרבות.,0,0.0,0.367951363325119
[Q] מה הייתה השפעת המלחמה על ישראל? [T] שינוי תפיסת הביטחון והיערכות מחדש. [S] המלחמה גרמה להחלפת כל מערכת החינוך בישראל.,0,0.41,0.21876850724220276
[Q] מה הייתה השפעת המלחמה על מצרים? [T] פתיחת תהליך מדיני עם ישראל. [S] מצרים הפסיקה להתקיים לאחר המלחמה.,0,0.13,0.11777529865503311
[Q] כיצד הסתיימה המלחמה? [T] בהפסקת אש בתיווך בינלאומי. [S] המלחמה הסתיימה בניצחון של קבוצת כדורגל ישראלית.,0,0.0,0.1900719702243805
[Q] מה הייתה חשיבות תעלת סואץ? [T] אזור מרכזי בלחימה בין ישראל למצרים. [S] תעלת סואץ היא נהר קטן בצפון אירופה.,0,0.0,0.1302165687084198
[Q] מה הייתה מטרת מצרים? [T] השבת השליטה על סיני. [S] מטרת מצרים הייתה לבנות עיר חדשה באוסטרליה.,0,0.0,0.05062999576330185
[Q] מה הייתה מטרת סוריה? [T] השבת רמת הגולן. [S] סוריה ניסתה לכבוש את קנדה במלחמה.,0,0.0,0.1615576148033142
[Q] מה היה תפקיד חיל האוויר? [T] סיוע בקרבות תקיפה והגנה. [S] חיל האוויר עסק בעיקר בהובלת רכבות אזרחיות.,0,0.0,0.1572500467300415
[Q] מה הייתה חשיבות המלחמה? [T] אירוע מרכזי בהיסטוריה האזורית. [S] המלחמה הייתה אירוע ספורטיבי עולמי.,0,0.62,0.39265498518943787
[Q] מה הייתה ועדת אגרנט? [T] ועדת חקירה ממלכתית. [S] ועדת אגרנט הייתה להקת מוזיקה שפעלה בשנות ה־70.,0,0.71,0.0912698283791542
[Q] מהי מלחמת יום הכיפורים? [T] מלחמה שהתרחשה באוקטובר 1973 בין ישראל למצרים וסוריה ונפתחה בהתקפה מתואמת בשתי חזיתות מרכזיות. [S] מלחמת יום הכיפורים הייתה אירוע ימי שבו מדינות דרום אמריקה התחרו על שטחי קרח באנטארקטיקה.,0,0.64,0.18067622184753418
[Q] מתי פרצה מלחמת יום הכיפורים? [T] ב־6 באוקטובר 1973 ביום כיפור. [S] המלחמה פרצה בשנת 2003 במהלך משבר החלל הבינלאומי.,0,0.0,0.2554858326911926
[Q] מי היו הצדדים הלוחמים? [T] ישראל נלחמה מול מצרים וסוריה. [S] הצדדים הלוחמים היו גרמניה ויפן במלחמת עולם שלישית.,0,0.0,0.2967722415924072
[Q] מה היה הרקע למלחמה? [T] מתיחות לאחר מלחמת ששת הימים ורצון לשינוי מצב טריטוריאלי. [S] הרקע היה תחרות ספורט בין ערים בישראל.,0,0.14,0.12123208492994308
[Q] מהו קו בר-לב? [T] מערכת ביצורים ישראלית לאורך תעלת סואץ. [S] קו בר-לב היה רשת רכבות תת־קרקעיות בפריז.,0,0.79,0.06881531327962875
[Q] מה הייתה החזית הסורית? [T] קרבות ברמת הגולן בין ישראל לסוריה. [S] החזית הסורית הייתה אזור יערות באמזונס שבו התנהלו קרבות בין שבטים.,0,0.45,0.16041244566440582
[Q] מה הייתה החזית המצרית? [T] קרבות בסיני וניסיון מצרי לחצות את תעלת סואץ. [S] החזית המצרית הייתה קרב חלל בין אסטרונאוטים על הירח.,0,0.23,0.04719867929816246
[Q] כיצד התחילה המלחמה? [T] בהתקפה מתואמת של מצרים וסוריה ביום כיפור. [S] המלחמה התחילה בטקס פתיחת אולימפיאדה.,0,0.0,0.14515094459056854
[Q] מה הייתה ההפתעה בתחילת המלחמה? [T] ישראל הופתעה מהמתקפה המתואמת. [S] לא הייתה הפתעה כי הכל התרחש בסרט אנימציה.,0,0.0,0.1176644042134285
[Q] כיצד התפתחה הלחימה? [T] לאחר ההפתעה ישראל עברה לבלימה ולמתקפות נגד. [S] הלחימה התפתחה לשיחות טלפוניות בין המנהיגים בלבד.,0,0.15,0.22421008348464966
[Q] מה הייתה מעורבות המעצמות? [T] ארצות הברית וברית המועצות היו מעורבות בלחץ מדיני. [S] המעצמות היו קבוצות כדורגל שהתחרו על הגביע העולמי.,0,0.0,0.1786688268184662
[Q] מה הייתה השפעת המלחמה על ישראל? [T] שינוי תפיסת הביטחון והיערכות מחדש. [S] המלחמה גרמה לשינוי בלוח השידורים של הטלוויזיה.,0,0.41,0.2711453437805176
[Q] מה הייתה השפעת המלחמה על מצרים? [T] פתיחת תהליך מדיני עם ישראל. [S] מצרים הפכה לאי באוקיינוס השקט.,0,0.13,0.08661916851997375
[Q] כיצד הסתיימה המלחמה? [T] בהפסקת אש בתיווך בינלאומי. [S] המלחמה הסתיימה בתחרות ריקודים.,0,0.0,0.11176861077547073
[Q] מה הייתה חשיבות תעלת סואץ? [T] אזור מרכזי בלחימה בין ישראל למצרים. [S] תעלת סואץ היא הר געש פעיל באלסקה.,0,0.0,0.0656936764717102
[Q] מה הייתה מטרת מצרים? [T] השבת השליטה על סיני. [S] מצרים ניסתה להגיע לירח באמצעות רכבות מהירות.,0,0.0,0.04005618765950203
[Q] מה הייתה מטרת סוריה? [T] השבת רמת הגולן. [S] סוריה ניסתה להקים תחנת טלוויזיה באפריקה.,0,0.47,0.053062789142131805
[Q] מה היה תפקיד חיל האוויר? [T] סיוע בקרבות תקיפה והגנה. [S] חיל האוויר עסק בגידול חקלאות תירס.,0,0.0,0.10168897360563278
[Q] מה הייתה חשיבות המלחמה? [T] אירוע מרכזי בהיסטוריה האזורית. [S] המלחמה הייתה פסטיבל אוכל בינלאומי.,0,0.0,0.12433464080095291
[Q] מה הייתה ועדת אגרנט? [T] ועדת חקירה ממלכתית. [S] ועדת אגרנט הייתה קבוצת מחקר של חיות ימיות.,0,0.9,0.13819323480129242
[Q] מהו כוכב לכת? [T] גוף שמימי שמקיף כוכב ואינו מפיק אור משלו. [S] כוכב לכת זה משהו בחלל שמסתובב סביב השמש כמו כדור הארץ.,0.8,0.35,0.12105507403612137
[Q] מהי השמש? [T] כוכב שמפיק אור וחום ומהווה מרכז מערכת השמש. [S] השמש היא כוכב מאוד חם שמאיר ומחמם את כדור הארץ ואת שאר כוכבי הלכת.,0.95,0.81,0.628631055355072
[Q] מהו הירח? [T] לווין טבעי של כדור הארץ שמקיף אותו. [S] הירח זה כדור שמסתובב סביב כדור הארץ ואנחנו רואים אותו בלילה.,0.9,0.43,0.1680925041437149
[Q] למה יש יום ולילה? [T] בגלל סיבוב כדור הארץ סביב עצמו. [S] כי כדור הארץ מסתובב ואז חלק אחד פונה לשמש ויש יום וחלק לא ואז יש לילה.,0.95,0.93,0.5337353348731995
"[Q] מהי מערכת השמש? [T] השמש וכל הגופים שמקיפים אותה כמו כוכבי לכת, ירחים ואסטרואידים. [S] מערכת השמש זה השמש וכל הכוכבים והדברים שמסתובבים סביבה.",0.7,0.39,0.982340931892395
[Q] מהו כוכב? [T] גוף שמימי שמייצר אור ואנרגיה בעצמו. [S] כוכב זה משהו בשמיים שמאיר בלילה כמו נקודה נוצצת.,0.7,0.0,0.11259449273347855
[Q] מה זה אסטרונאוט? [T] אדם שמאומן לטיסה לחלל ולעבודה בו. [S] אסטרונאוט זה בן אדם שטס לחלל ולובש חליפת חלל.,0.9,0.19,0.6184245944023132
[Q] למה אנחנו לא נופלים מהכדור הארץ? [T] בגלל כוח הכבידה שמושך אותנו למרכז כדור הארץ. [S] כי יש כוח שמחזיק אותנו על האדמה ולא נותן לנו ליפול.,0.8,0.69,0.23041068017482758
[Q] מה זה כוח כבידה? [T] כוח שמושך גופים זה אל זה. [S] כוח כבידה זה כוח שמושך דברים כלפי מטה כמו כדור לאדמה.,0.85,0.24,0.2452256679534912
[Q] מהו כוכב שביט? [T] גוף קרח ואבק שמקיף את השמש ומפתח זנב ליד השמש. [S] כוכב שביט זה דבר שעף בחלל ויש לו זנב יפה כשהוא קרוב לשמש.,0.75,0.78,0.8143042922019958
"[Q] מהי גלקסיה? [T] אוסף עצום של כוכבים, גז ואבק המחוברים בכבידה. [S] גלקסיה זה הרבה מאוד כוכבים ביחד בחלל כמו שביל החלב.",0.85,0.43,0.6131199598312378
[Q] מהו שביל החלב? [T] הגלקסיה שבה נמצאת מערכת השמש שלנו. [S] שביל החלב זה הגלקסיה שלנו שיש בה הרבה כוכבים וגם את השמש שלנו.,0.9,0.28,0.6652793288230896
[Q] למה יש עונות שנה? [T] בגלל נטיית ציר כדור הארץ והקפתו את השמש. [S] כי כדור הארץ מסתובב סביב השמש בזווית אחרת ואז לפעמים חם ולפעמים קר.,0.9,0.66,0.8873570561408997
[Q] מהו כוכב לכת ננסי? [T] גוף שמקיף את השמש אך לא פינה את מסלולו מאובייקטים אחרים. [S] זה כוכב לכת קטן יותר שלא נחשב ממש כמו שאר כוכבי הלכת.,0.7,0.0,0.1936231553554535
"[Q] מה זה חלל? [T] האזור שמחוץ לאטמוספירה של כדור הארץ. [S] חלל זה המקום הענק שיש בו כוכבים, ירח ושמש.",0.8,0.52,0.22520014643669128
[Q] למה הירח משנה צורה בשמיים? [T] בגלל זווית ההארה של השמש עליו. [S] כי השמש מאירה עליו אחרת בכל פעם ואז אנחנו רואים חלקים שונים שלו.,0.85,0.92,0.12111473083496094
[Q] מהו כוכב לכת הקרוב לשמש ביותר? [T] כוכב חמה (מרקורי). [S] זה כוכב שנמצא הכי קרוב לשמש ולכן הוא מאוד חם.,0.8,0.62,0.2638186812400818
[Q] מהו ליקוי חמה? [T] מצב שבו הירח מסתיר את השמש מכדור הארץ. [S] זה קורה כשהירח עובר מול השמש ומסתיר אותה קצת או לגמרי.,0.9,0.87,0.8484242558479309
[Q] מהו ליקוי ירח? [T] מצב שבו כדור הארץ מסתיר את אור השמש מהירח. [S] זה כשכדור הארץ נמצא באמצע והצל שלו נופל על הירח.,0.9,0.33,0.3950803279876709
[Q] מהו עץ? [T] צמח רב־שנתי בעל גזע מרכזי קשה וענפים. [S] עץ הוא צמח גדול עם גזע מרכזי קשה וענפים.,1,0.77,0.9443331360816956
"[Q] מהו מחזור המים בטבע? [T] תהליך שבו מים מתאדים, מתעבים ונופלים כמשקעים. [S] מחזור המים הוא תהליך שבו מים מתאדים, יוצרים עננים וחוזרים כגשם או שלג.",1,0.83,1.0539237260818481
[Q] מהי מערכת אקולוגית? [T] מערכת של יצורים חיים וסביבה לא חיה המקיימים יחסי גומלין. [S] מערכת אקולוגית היא קבוצה של יצורים חיים והסביבה שלהם שפועלים יחד.,1,0.14,0.9482596516609192
[Q] מהו יער? [T] אזור טבעי עם ריכוז גבוה של עצים וצמחייה. [S] יער הוא אזור עם הרבה עצים וצמחייה צפופה.,1,0.64,0.9981640577316284
"[Q] מהי פוטוסינתזה? [T] תהליך שבו צמחים משתמשים באור ליצירת אנרגיה כימית. [S] פוטוסינתזה היא תהליך שבו צמחים משתמשים באור שמש, מים ופחמן דו־חמצני כדי לייצר מזון.",1,0.82,0.7288020849227905
[Q] מהו נהר? [T] זרם מים טבעי הזורם ממקור לים או לאגם. [S] נהר הוא זרם מים טבעי שזורם ממקום גבוה לים או לאגם.,1,1.0,1.0388245582580566
[Q] מהי חיה טורפת? [T] חיה שניזונה מבעלי חיים אחרים. [S] חיה טורפת היא חיה שאוכלת בעלי חיים אחרים.,1,0.98,0.7530655264854431
[Q] מהי חיה צמחונית? [T] חיה שניזונה מצמחים בלבד. [S] חיה צמחונית היא חיה שאוכלת רק צמחים.,1,0.93,0.537639856338501
[Q] מהו מדבר? [T] אזור יבש עם מעט משקעים וצמחייה דלילה. [S] מדבר הוא אזור יבש עם מעט מאוד גשם וצמחייה.,1,0.62,1.048426866531372
[Q] מהו חמצן? [T] גז חיוני לנשימה של רוב היצורים החיים. [S] חמצן הוא גז שאנחנו נושמים והוא חיוני לחיים.,1,0.77,0.8849610090255737
"[Q] מהו מזג אוויר? [T] מצב האטמוספירה בזמן מסוים ובמקום מסוים. [S] מזג אוויר הוא המצב של חום, קור, גשם או שמש במקום ובזמן מסוים.",1,0.94,0.7012211680412292
[Q] מהי שרשרת מזון? [T] רצף שבו יצורים חיים אוכלים זה את זה להעברת אנרגיה. [S] שרשרת מזון היא רצף של מי אוכל את מי בטבע.,1,0.12,0.7261449098587036
[Q] מהו פרח? [T] איבר הרבייה של הצמח. [S] פרח הוא חלק מהצמח שממנו נוצרים זרעים ופירות.,1,0.68,0.2739008069038391
[Q] מהי אדמה? [T] שכבת חומר טבעית שמכסה את פני כדור הארץ. [S] אדמה היא השכבה העליונה של הקרקע שבה צומחים צמחים.,1,0.76,0.3530411124229431
[Q] מהו אגם? [T] גוף מים עומד המוקף יבשה. [S] אגם הוא גוף מים גדול שמוקף יבשה.,1,0.74,1.0294595956802368
[Q] מהו גשם? [T] משקעים הנוצרים מהתעבות אדי מים בעננים. [S] גשם הוא מים שנופלים מהעננים אחרי שהם מתעבים.,1,0.55,0.9751412868499756
[Q] מהי אנרגיה בטבע? [T] יכולת לבצע עבודה או לגרום לשינוי. [S] אנרגיה בטבע היא היכולת לגרום לדברים לזוז או להשתנות.,1,0.3,0.5998359322547913
[Q] מהו אקלים? [T] ממוצע תנאי מזג האוויר באזור מסוים לאורך זמן. [S] אקלים הוא סוג מזג האוויר שקיים באזור לאורך שנים רבות.,1,0.11,0.6447158455848694
[Q] מהי מערכת השמש? [T] השמש וכל הגופים שמקיפים אותה. [S] מערכת השמש היא השמש וכל כוכבי הלכת שמקיפים אותה.,1,0.4,0.9470840692520142
[Q] מהו כוכב לכת? [T] גוף שמימי שמקיף כוכב ואינו מפיק אור משלו. [S] כוכב לכת הוא גוף שמקיף את השמש ולא מייצר אור בעצמו.,1,1.0,0.6246647834777832
[Q] מהו עץ? [T] צמח רב־שנתי בעל גזע מרכזי קשה וענפים. [S] עץ הוא חיה שחיה מתחת לאדמה ואוכלת חול.,0,0.0,0.07493716478347778
"[Q] מהו מחזור המים בטבע? [T] תהליך שבו מים מתאדים, מתעבים ונופלים כמשקעים. [S] מחזור המים הוא תהליך שבו סלעים הופכים לעננים.",0,0.83,0.11217273026704788
[Q] מהי מערכת אקולוגית? [T] מערכת של יצורים חיים וסביבה לא חיה המקיימים יחסי גומלין. [S] מערכת אקולוגית היא מכונה שמייצרת חשמל לשמש.,0,0.08,0.02497338503599167
[Q] מהו יער? [T] אזור טבעי עם ריכוז גבוה של עצים וצמחייה. [S] יער הוא מדבר מלא חול ודיונות.,0,0.18,0.12430977821350098
[Q] מהי פוטוסינתזה? [T] תהליך שבו צמחים משתמשים באור ליצירת אנרגיה כימית. [S] פוטוסינתזה היא תהליך שבו צמחים אוכלים בשר.,0,0.82,0.059384915977716446
[Q] מהו נהר? [T] זרם מים טבעי הזורם ממקור לים או לאגם. [S] נהר הוא הר גבוה שמייצר עננים.,0,0.2,0.06312116235494614
[Q] מהי חיה טורפת? [T] חיה שניזונה מבעלי חיים אחרים. [S] חיה טורפת היא חיה שאוכלת רק מים.,0,0.98,0.08378802239894867
[Q] מהי חיה צמחונית? [T] חיה שניזונה מצמחים בלבד. [S] חיה צמחונית היא חיה שאוכלת מתכות.,0,0.26,0.07772701233625412
[Q] מהו מדבר? [T] אזור יבש עם מעט משקעים וצמחייה דלילה. [S] מדבר הוא מקום מלא מים וקרח.,0,0.0,0.5203533172607422
[Q] מהו חמצן? [T] גז חיוני לנשימה של רוב היצורים החיים. [S] חמצן הוא נוזל שמניע מכוניות.,0,0.0,0.0567534901201725
[Q] מהו מזג אוויר? [T] מצב האטמוספירה בזמן מסוים ובמקום מסוים. [S] מזג אוויר הוא צבע השמיים הקבוע.,0,0.52,0.02258460409939289
[Q] מהי שרשרת מזון? [T] רצף שבו יצורים חיים אוכלים זה את זה להעברת אנרגיה. [S] שרשרת מזון היא סדר של אבנים שנופלות מהשמיים.,0,0.0,0.01957041397690773
[Q] מהו פרח? [T] איבר הרבייה של הצמח. [S] פרח הוא חלק של מחשב שמפיק אינטרנט.,0,0.41,0.02806338295340538
[Q] מהי אדמה? [T] שכבת חומר טבעית שמכסה את פני כדור הארץ. [S] אדמה היא מים קפואים באוקיינוס.,0,0.41,0.040869202464818954
[Q] מהו אגם? [T] גוף מים עומד המוקף יבשה. [S] אגם הוא ענן גדול שנופל בלילה.,0,0.0,0.05969580262899399
[Q] מהו גשם? [T] משקעים הנוצרים מהתעבות אדי מים בעננים. [S] גשם הוא אבק חם שעולה מהאדמה.,0,0.0,0.05848624184727669
[Q] מהי אנרגיה בטבע? [T] יכולת לבצע עבודה או לגרום לשינוי. [S] אנרגיה היא צבע של צמחים ירוקים.,0,0.27,0.03926362842321396
[Q] מהו אקלים? [T] ממוצע תנאי מזג האוויר באזור מסוים לאורך זמן. [S] אקלים הוא סוג של חיות שחיות בים.,0,0.0,0.04731154069304466
[Q] מהי מערכת השמש? [T] השמש וכל הגופים שמקיפים אותה. [S] מערכת השמש היא אוסף של נהרות בעולם.,0,0.4,0.07202409207820892
[Q] מהו כוכב לכת? [T] גוף שמימי שמקיף כוכב ואינו מפיק אור משלו. [S] כוכב לכת הוא כוכב שמייצר גשם.,0,0.35,0.048920102417469025
